!ID,,!catalog_number,!bd_catalog_number,!digital_catalog_number,!line,!post_title,!bd_audio_mix,!bd_canadian_price,!bd_configuration,!bd_consumer_srp,!bd_disc_type,!bd_dvd_features,!bd_frame_rate,!bd_isbn,!bd_prebook_date,!bd_running_time,!bd_street_date,!bd_subtitles,!bd_upc,!digital_running_time,!digital_street_date,!amazon_link,!itunes_link,!youtube_link,!hulu_link,!playstation_link,!slingbox_link,!xbox_link,!snagfilm_link,!tvcom_link,!vudu_link,!cinema_now
2041,AAAE101330,AAAE101330,,NNVG1627,DOC,Ravi Shankar: The Concert for World Peace -Live At Royal Albert Hall,,,,,,,,,,,,,,,,,http://click.linksynergy.com/fs-bin/stat?id=ccUl/Cc0tjI&offerid=146261&type=3&subid=0&tmpid=1826&RD_PARM1=http%253A%252F%252Fitunes.apple.com%252FWebObjects%252FMZStore.woa%252Fwa%252FviewMovie%253Fid%253D325546203%2526s%253D143441%2526uo%253D6%2526partnerId%253D30,,,,,,,,,
521,AAAE110540,AAAE110540,AAAE158100,,THC,How The Earth Was Made,Dolby Digital 2.0 Stereo,34.95,Blu-ray Single,29.95,Blu-Ray Amaray,Bonus Documentary,24,1-4229-3988-X,05/26/2009,94 min + extras,06/30/2009,English,7-33961-15810-6,,,,,,,,,,,,,
538,AAAE147980,AAAE147980,AAAE159360,,THC,The Universe: The Complete Season 3,Dolby Digital 2.0 Stereo,79.95,Blu-ray 3-pk SET,69.95,Swing Amaray,BONUS FEATURE: Universe Facts and Photo Gallery,24,1-4229-4105-1,08/25/2009,9h 24m + extras,09/29/2009,English,7-33961-15936-3,,,,,,,,,,,,,
2959,AAAE154780,AAAE154780,AAAE225090,,THC,Patton 360: The Complete Season 1,Dolby Digital 2.0 Stereo,56.95,Blu-ray 2-pk SET,49.95,Blu-Ray Swing Amaray,,29.97,1-4229-8825-2,08/24/2010,7h 50m,09/28/2010,English,7-33961-22509-9,,,,,,,,,,,,,
6996,AAAE155290,AAAE155290,AAAE164120,,THC,Expedition Africa,Dolby Digital 2.0 Stereo,44.95,Blu-ray Single,39.95,Swing Amaray,Behind-the-Scenes Documentary,24,1-4229-4427-1,09/29/2009,6h 16m + extras,10/27/2009,,7-33961-16412-1,,,,,,,,,,,,,
522,AAAE155320,AAAE155320,AAAE230010,,THC,How the Earth Was Made: The Complete Season 1,Dolby Digital 2.0 Stereo,56.95,Blu-ray 3-pk SET,49.95,Triple Swing Blu-ray Amaray,,24,1-4229-9359-0,09/28/2010,10h 11m,10/26/2010,English,7-33961-23001-7,,,,,,,,,,,,,
526,AAAE155330,AAAE155330,AAAE221600,,THC,Ice Road Truckers: The Complete Season 3,Dolby Digital 2.0 Stereo,56.95,Blu-ray 3-pk SET,49.95,Triple Swing Amaray,Additional Footage,24,1-4229-8462-1,05/11/2010,10h 11m + extras,06/08/2010,English,7-33961-22160-2,,,,,,,,,,,,,
2954,AAAE157530,AAAE157530,AAAE227530,,THC,Nostradamus: 2012,Dolby Digital 2.0 Stereo,29.95,Blu-ray Single,24.95,Blu-Ray Standard Amaray,Feature length documentary – The Lost Book of Nostradamus,24,1-4229-9077-X,08/24/2010,94 min + extras,09/28/2010,English,7-33961-22753-6,,,,,,,,,,,,,
535,AAAE158680,AAAE158680,AAAE229040,,THC,The Universe: Our Solar System,Dolby Digital 2.0 Stereo,34.95,Blu-ray 2-pk SET,29.95,Blu-Ray Swing Amaray,,24,1-4229-9240-3,07/27/2010,7h 50m,08/24/2010,No,7-33961-22904-2,,,,,,,,,,,,,
537,AAAE158730,AAAE158730,AAAE158890,,THC,The Universe: The Complete Season Two,Dolby Digital 2.0 Stereo,89.95,Blu-ray 4-pk SET,79.95,Quad Swing Amaray,Featurette “Backyard Astronomers”,24,1-4229-4071-3,06/16/2009,14h 6m + extras,07/07/2009,English,7-33961-15889-2,,,,,,,,,,,,,
14178,AAAE159340,AAAE159340,AAAE168780,,A&E,Willie Nelson and Wynton Marsalis Play the Music of Ray Charles,Dolby Digital 5.1,34.95,Blu-ray Single,29.95,Blu-Ray Standard Amaray,BONUS FEATURES:,24,1-4229-4899-4,10/20/2009,91 min + extras,09/22/2009,English,7-33961-16878-5,,,,,,,,,,,,,
2691,AAAE203340,AAAE203340,AAAE225100,,THC,Battle 360: The Complete Season 1,Dolby Digital 2.0 Stereo,56.95,Blu-ray 3-pk SET,49.95,Triple Swing Amaray,Additional Scenes,29.97,1-4229-8826-0,08/24/2010,9h 40m + extras,09/28/2010,English,7-33961-22510-5,,,,,,,,,,,,,
2936,AAAE205670,AAAE205670,AAAE205680,,THC,Moonshot,Dolby Digital 2.0 Stereo,29.95,Blu-ray Single,24.95,Standard Amaray Blu-Ray,"*Gemini, Mercury, and Apollo Mission Galleries *Biographies of the Key Apollo Personnel *5 Complete Tracks from the Music Score",24,1-4229-6825-1,10/27/2009,94 min + extras,11/17/2009,English,7-33961-20568-8,,,,,,,,,,,,,
9891,AAAE206730,AAAE206730,AAAE225660,,A&E,Pride & Prejudice Restored,Dolby Digital 2.0 Stereo,56.95,Blu-ray 2-pk SET,49.95,Blu-Ray Swing Amaray,"Featurettes: “Lasting Impressions,” “An Impromptu Walkabout with Adrian Lukis and Lucy Briers,” “Turning Point,” “Uncovering the Technical Restoration Process”; English Subtitles",24,1-4229-8886-4,03/30/2010,5h 23m + extras,04/27/2010,English,7-33961-22566-2,,,,,,,,,,,,,
18030,AAAE208550,AAAE208550,AAAE168800,,A&E,The Prisoner,Dolby Digital 2.0 Stereo,109.95,Blu-ray 5-pk SET,99.95,Blu-Ray Amaray,"•Newly remixed 5.1 surround sound for all 17 episodes (in addition to the original mono tracks). •‘Don’t Knock Yourself Out’ – Feature-length documentary chronicling the production of THE PRISONER, told by those involved in its creation. •Two Brand-New Featurettes - ‘The Pink Prisoner’ and ‘You Make Sure it Fits!’  •Promo for AMC’s THE PRISONER Miniseries •Newly restored original edit of ‘Arrival’ with an optional music-only soundtrack featuring Wilfred Josephs’ complete and abandoned score. •Original edit of ‘The Chimes of Big Ben.’ •Production crew audio commentaries on seven episodes. •Trailers for all episodes. •Archive textless material, including the title sequence with clean themes by Ron Grainer, Wilfred Josephs and Robert Farnon. •Commercial break bumpers. •Image Archive with over 1200 stills. •Production Paperwork Archive, featuring scripts, call sheets and press releases (DVD-ROM Feature)",24,1-4229-4901-X,09/29/2009,14h 44m + extras,10/27/2009,English,7-33961-16880-8,,,,,,,,,,,,,
3166,AAAE208561,AAAE208561,AAAE212922,,THC,Clash of the Gods,Dolby Digital 2.0 Stereo,44.95,Blu-ray Single,39.95,Blu-Ray Swing Amaray,,24,1-4229-7653-X,02/16/2010,7h 50m,03/16/2010,English,7-33961-21292-1,,,,,,,,,,,,,
6074,AAAE209300,AAAE209300,AAAE209310,,THC,The Universe: The Complete Season 4,Dolby Digital 2.0 Stereo,69.95,Blu-ray 4-pk SET,54.95,Triple Swing Amaray,,24,1-4229-7192-9,01/26/2010,,02/23/2010,,7-33961-20931-0,,,,,,,,,,,,,
542,AAAE209330,AAAE209330,AAAE209340,,THC,WWII in HD,Dolby Digital 5.1,44.95,Blu-ray 2-pk SET,39.95,Swing Amaray,"Profiles; Behind-the-Scenes Featurettes - Finding the Footage, Preserving the Footage",24,1-4229-7195-3,12/15/2009,7h 35m + extras,01/26/2010,,7-33961-20934-1,,,,,,,,,,,,,
13423,AAAE218410,AAAE218410,AAAE238210,,THC,How the Earth Was Made: The Complete Season 2,Dolby Digital 2.0 Stereo,56.95,Blu-ray 3-pk SET,49.95,Triple Swing BD,,24,1-4229-1136-5,01/25/2011,10h 11m,02/22/2011,English,7-33961-23821-1,,,,,,,,,,,,,
10852,AAAE219241,AAAE219241,AAAE223040,,THC,America: The Story of Us,Dolby Digital 5.1,56.95,Blu-ray 3-pk SET,49.95,Triple Swing Blu-ray Amaray,,24,1-4229-8608-X,07/13/2010,9h 12m + extras,08/10/2010,,7-33961-22304-0,,,,,,,,,,,,,
14338,AAAE221620,AAAE221620,AAAE223230,,THC,Life After People: The Complete Season 2,Dolby Digital 2.0 Stereo,44.95,Blu-ray 2-pk SET,39.95,Blu-Ray Swing Amaray,,24,1-4229-8630-6,06/29/2010,7h 50m,07/27/2010,English,7-33961-22323-1,,,,,,,,,,,,,
19206,AAAE221630,AAAE221630,AAAE228722,,THC,Ancient Aliens: The Complete Season 1,Dolby Digital 2.0 Stereo,44.95,Blu-ray 3-pk SET,39.95,Triple Swing Blu-ray Amaray,"HISTORY Special - Ancient Aliens:  Chariots, Gods and Beyond",24,1-4229-9206-3,10/26/2010,7h 50m + extras,11/23/2010,English,7-33961-22872-4,,,,,,,,,,,,,
21612,AAAE224400,AAAE224400,AAAE224410,,THC,Ice Road Truckers: The Complete Season 4,Dolby Digital 2.0 Stereo,56.95,Blu-ray 4-pk SET,49.95,Quad Swing Amaray,Additional Footage,24,1-4229-8751-5,01/25/2011,12h + extras,02/22/2011,English,7-33961-22441-2,,,,,,,,,,,,,
19202,AAAE230710,AAAE230710,AAAE230720,,THC,Gangland: Season 6,Dolby Digital 2.0 Stereo,52.95,Blu-ray 3-pk SET,44.95,Triple Swing Blu-ray Amaray,Additional Footage,24,1-4229-9436-8,10/26/2010,8h 37m + extras,11/16/2010,English,7-33961-23072-7,,,,,,,,,,,,,
19219,AAAE234950,AAAE234950,AAAE236830,,A&E,LennoNYC,Dolby Digital 2.0 Stereo,34.95,Blu-ray Single,34.95,Blu-Ray Standard Amaray,,24,1-4229-1040-7,12/21/2010,115 min + extras,01/11/2011,English,7-33961-23683-5,,11/23/2010,http://www.amazon.com/Lennon-NYC/dp/B004DHXBVQ/ref=sr_1_5?ie=UTF8&qid=1290528092&sr=8-5,http://click.linksynergy.com/fs-bin/stat?id=ccUl/Cc0tjI&offerid=146261&type=3&subid=0&tmpid=1826&RD_PARM1=http%253A%252F%252Fitunes.apple.com%252FWebObjects%252FMZStore.woa%252Fwa%252FviewMovie%253Fid%253D400546382%2526s%253D143441%2526uo%253D4%2526partnerId%253D30,,,http://us.playstation.com/,,http://www.xbox.com/en-US/default.htm,,,,
20807,AAAE236540,AAAE236540,,239280,A&E,The Greening of Southie,,,,,,,,,,,,,,72 min,01/25/2011,,http://click.linksynergy.com/fs-bin/stat?id=ccUl/Cc0tjI&offerid=146261&type=3&subid=0&tmpid=1826&RD_PARM1=http%253A%252F%252Fitunes.apple.com%252FWebObjects%252FMZStore.woa%252Fwa%252FviewMovie%253Fid%253D412372153%2526s%253D143441%2526uo%253D4%2526partnerId%253D30,,,,,,,,,
20791,AAAE236980,AAAE236980,AAAE236990,,THC,The Universe: The Complete Season 5,Dolby Digital 2.0 Stereo,39.95,Blu-ray 2-pk SET,34.95,Blu-ray Swing Amaray,,24,1-4229-1043-1,12/21/2010,6h 16m,01/11/2011,English,7-33961-23699-6,,,,,,,,,,,,,
23767,AAAE240180,AAAE240180,AAAE240180,,THC,IRT Deadliest Roads: Season 1,Dolby Digital 2.0 Stereo,39.95,Blu-ray 3-pk SET,34.95,Triple Swing BD,Additional Footage,29.97,1-4229-1652-9,04/26/2011,7h 30m + extras,05/24/2011,English,7-33961-24018-4,,,,,,,,,,,,,
23191,AAAE242980,AAAE242980,AAAE242990,,THC,The Universe: Mega Collection,Dolby Digital 2.0 Stereo,199.95,Blu-ray 16-pk SET,179.95,,"Feature-length documentary: Beyond the Big Bang; Featurettes “Meteors: Fire in the Sky”, “Comets: Prophets of Doom”, “Ask the Universe”, “Backyard Astronomers”",24,1-4229-1947-1,03/29/2011,50h 55m + extras,04/26/2011,English,7-33961-24299-7,,,,,,,,,,,,,
10370,AAE-73611,AAE-73611,AAAE149670,,THC,The Crusades: Crescent & the Cross,Dolby Digital 2.0 Stereo,34.95,Blu-ray Single,29.94,Blu-Ray Standard Amaray,,24,1-4229-3269-9,08/04/2009,180 min,09/01/2009,,7-33961-14967-8,,,,,,,,,,,,,
14180,AAE-76291,AAE-76291,AAAE134340,,A&E,Paul McCartney: The Space Within US,Dolby Digital 5.1 Surround,39.95,Blu-ray Single,34.95,Blu-Ray Single Amaray,"Sound Check Songs “Whole Lotta Shakin’ Goin’ On,” “Friends to Go,” and “How Kind of You”; More About US--Extensive Interviews with Paul McCartney, the Band, and the US Tour Crew; US Tour Pre-Show Film; On The Road With US; Song Selections; English Subtitles",24,1-4229-2097-6,10/28/2008,115 min + extras,11/18/2008,English,7-33961-13434-6,,,,,,,,,,,,,
190,NNVG101371,NNVG101371,,NNVG8581,DOC,Married In America 2,,,,,,,,,,,,,,132 min,,,http://click.linksynergy.com/fs-bin/stat?id=ccUl/Cc0tjI&offerid=146261&type=3&subid=0&tmpid=1826&RD_PARM1=http%253A%252F%252Fitunes.apple.com%252FWebObjects%252FMZStore.woa%252Fwa%252FviewMovie%253Fid%253D290942509%2526s%253D143441%2526uo%253D4%2526partnerId%253D30,,,,,,,,,
208,NNVG101380,NNVG101380,,NNVG8980,DOC,Noam Chomsky On the World: The Chomsky Sessions,,,,,,,,,,,,,,70 min,,,http://click.linksynergy.com/fs-bin/stat?id=ccUl/Cc0tjI&offerid=146261&type=3&subid=0&tmpid=1826&RD_PARM1=http%253A%252F%252Fitunes.apple.com%252FWebObjects%252FMZStore.woa%252Fwa%252FviewMovie%253Fid%253D295846852%2526s%253D143441%2526uo%253D6%2526partnerId%253D30,,,,,,,,,
275,NNVG101591,NNVG101591,,NNVG1328,DOC,The Future We Will Create: Inside the World of TED,,,,,,,,,,,,,,74 min,,,http://click.linksynergy.com/fs-bin/stat?id=ccUl/Cc0tjI&offerid=146261&type=3&subid=0&tmpid=1826&RD_PARM1=http%253A%252F%252Fitunes.apple.com%252FWebObjects%252FMZStore.woa%252Fwa%252FviewMovie%253Fid%253D291374492%2526s%253D143441%2526uo%253D4%2526partnerId%253D30,,http://www.hulu.com/the-future-we-will-create-inside-the-world-of-ted,,,,,,,
279,NNVG101982,NNVG101982,,NNVG9979,DOC,The Devil Came On Horseback,,,,,,,,,,,,,,85 min,,,http://click.linksynergy.com/fs-bin/stat?id=ccUl/Cc0tjI&offerid=146261&type=3&subid=0&tmpid=1826&RD_PARM1=http%253A%252F%252Fitunes.apple.com%252FWebObjects%252FMZStore.woa%252Fwa%252FviewMovie%253Fid%253D273104644%2526s%253D143441%2526uo%253D6%2526partnerId%253D30,,,,,,,,,
217,NNVG102401,NNVG102401,,NNVG8076,DOC,Operation Homecoming,,,,,,,,,,,,,,81 min,03/05/2008,,http://click.linksynergy.com/fs-bin/stat?id=ccUl/Cc0tjI&offerid=146261&type=3&subid=0&tmpid=1826&RD_PARM1=http%253A%252F%252Fitunes.apple.com%252Fus%252Fmovie%252Foperation-homecoming%252Fid275949911%253Fuo%253D4%2526partnerId%253D30,,,,,,,,,
272,NNVG108791,NNVG108791,,NNVG8078,DOC,Strange Culture,,,,,,,,,,,,,,75 min,,,http://itunes.apple.com/WebObjects/MZStore.woa/wa/viewMovie?id=276468055&s=143441,http://www.youtube.com/watch?v=cMPk9-1uifA,http://www.hulu.com/watch/107093/strange-culture,,,,,,,
75,NNVG109671,NNVG109671,,NNVG8748,DOC,Arctic Son,,,,,,,,,,,,,,75 min,09/23/2008,,http://click.linksynergy.com/fs-bin/stat?id=ccUl/Cc0tjI&offerid=146261&type=3&subid=0&tmpid=1826&RD_PARM1=http%253A%252F%252Fitunes.apple.com%252Fus%252Fmovie%252Farctic-son%252Fid288218812%253Fuo%253D4%2526partnerId%253D30,,,,,,,,,
199,NNVG111452,NNVG111452,,NNVG8575,DOC,Mumia Abu-Jamal: A Case for Reasonable Doubt?,,,,,,,,,,,,,,74 min,,,http://click.linksynergy.com/fs-bin/stat?id=ccUl/Cc0tjI&offerid=146261&type=3&subid=0&tmpid=1826&RD_PARM1=http%253A%252F%252Fitunes.apple.com%252Fus%252Fmovie%252Fmumia-abu-jamal-a-case-for%252Fid279826185%253Fuo%253D4%2526partnerId%253D30,http://www.youtube.com/watch?v=fCs35ehEJFc,,,,,,,,
91,NNVG111481,NNVG111481,,NNVG8442,DOC,Bomb It!,,,,,,,,,,,,,,93 min,,http://www.amazon.com/Bomb-It/dp/B003WF7NAA/ref=sr_1_1?ie=UTF8&s=digital-video&qid=1279828968&sr=1-1,http://click.linksynergy.com/fs-bin/stat?id=ccUl/Cc0tjI&offerid=146261&type=3&subid=0&tmpid=1826&RD_PARM1=http%253A%252F%252Fitunes.apple.com%252FWebObjects%252FMZStore.woa%252Fwa%252FviewMovie%253Fid%253D283112916%2526s%253D143441%2526uo%253D6%2526partnerId%253D30,,,,,,,,,
169,NNVG111931,NNVG111931,,NNVG1151,DOC,Inheritance,,,,,,,,,,,,,,75 min,,http://www.amazon.com/Inheritance/dp/B003LSZFUI/ref=sr_1_4?ie=UTF8&s=digital-video&qid=1277399898&sr=1-4,http://click.linksynergy.com/fs-bin/stat?id=ccUl/Cc0tjI&offerid=146261&type=3&subid=0&tmpid=1826&RD_PARM1=http%253A%252F%252Fitunes.apple.com%252FWebObjects%252FMZStore.woa%252Fwa%252FviewMovie%253Fid%253D297282784%2526s%253D143441%2526uo%253D6%2526partnerId%253D30,,,,,,,,,
106,NNVG112961,NNVG112961,,NNVG8750,DOC,Cinematographer Style,,,,,,,,,,,,,,86 min,,,http://click.linksynergy.com/fs-bin/stat?id=ccUl/Cc0tjI&offerid=146261&type=3&subid=0&tmpid=1826&RD_PARM1=http%253A%252F%252Fitunes.apple.com%252FWebObjects%252FMZStore.woa%252Fwa%252FviewMovie%253Fid%253D288084272%2526s%253D143441%2526uo%253D6%2526partnerId%253D30,,,,,,,,,
214,NNVG112970,NNVG112970,,NNVG8788,DOC,On the Downlow,,,,,,,,,,,,,,70 min,01/27/2009,,http://click.linksynergy.com/fs-bin/stat?id=ccUl/Cc0tjI&offerid=146261&type=3&subid=0&tmpid=1826&RD_PARM1=http%253A%252F%252Fitunes.apple.com%252Fus%252Fmovie%252Fon-the-downlow%252Fid287531400%253Fuo%253D4%2526partnerId%253D30,,,,,,,,,
136,NNVG113451,NNVG113451,,NNVG9943,DOC,Faster,,,,,,,,,,,,,,207 min,,,http://www.iTunes.com/Movies/Faster,,,,,,,,,
92,NNVG114771,NNVG114771,,NNVG1152,DOC,The Brandon Teena Story,,,,,,,,,,,,,,88 min,,,http://click.linksynergy.com/fs-bin/stat?id=ccUl/Cc0tjI&offerid=146261&type=3&subid=0&tmpid=1826&RD_PARM1=http%253A%252F%252Fitunes.apple.com%252FWebObjects%252FMZStore.woa%252Fwa%252FviewMovie%253Fid%253D297434965%2526s%253D143441%2526uo%253D6%2526partnerId%253D30,,http://www.hulu.com/the-brandon-teena-story,,,,,,,
175,NNVG115041,NNVG115041,,NNVG8406,DOC,King Corn,,,,,,,,,,,,,,90 mins,04/29/2008,http://www.amazon.com/King-Corn/dp/B003F9QBXS/ref=sr_1_2?ie=UTF8&s=digital-video&qid=1277410420&sr=1-2,http://click.linksynergy.com/fs-bin/stat?id=ccUl/Cc0tjI&offerid=146261&type=3&subid=0&tmpid=1826&RD_PARM1=http%253A%252F%252Fitunes.apple.com%252FWebObjects%252FMZStore.woa%252Fwa%252FviewMovie%253Fid%253D278886673%2526s%253D143441%2526uo%253D6%2526partnerId%253D30,http://www.youtube.com/watch?v=Ex-8r0UcWLY,,,,,,,http://www.vudu.com/movies/Movies.html#ContentDefaultPlace:185528,"http://www.cinemanow.com/Rent/Movies/10471,0,5,,1,4,0/1000,0,5,,1,4,395643/King-Corn.htm"
131,NNVG115871,NNVG115871,,NNVG8752,DOC,Fall From Grace,,,,,,,,,,,,,,87 min,09/23/2008,,http://click.linksynergy.com/fs-bin/stat?id=ccUl/Cc0tjI&offerid=146261&type=3&subid=0&tmpid=1826&RD_PARM1=http%253A%252F%252Fitunes.apple.com%252Fus%252Fmovie%252Ffall-from-grace%252Fid290164002%253Fuo%253D4%2526partnerId%253D30,,,,,,,,,
304,NNVG116701,NNVG116701,,NNVG8791,DOC,Virginia Lee Burton: A Sense of Place,,,,,,,,,,,,,,87 min,09/23/2008,,http://click.linksynergy.com/fs-bin/stat?id=ccUl/Cc0tjI&offerid=146261&type=3&subid=0&tmpid=1826&RD_PARM1=http%253A%252F%252Fitunes.apple.com%252Fus%252Fmovie%252Fvirginia-lee-burton-a-sense%252Fid287476435%253Fuo%253D4%2526partnerId%253D30,,,,,,,,,
10532,NNVG116710,NNVG116710,,NNVG8749,DOC,Cine Manifest,,,,,,,,,,,,,,75 min,,,http://click.linksynergy.com/fs-bin/stat?id=ccUl/Cc0tjI&offerid=146261&type=3&subid=0&tmpid=1826&RD_PARM1=http%253A%252F%252Fitunes.apple.com%252Fus%252Fmovie%252Fcine-manifest%252Fid290136272%253Fuo%253D4%2526partnerId%253D30,,,,,,,,,
228,NNVG116730,NNVG116730,,NNVG8789,DOC,Passing Poston,,,,,,,,,,,,,,105 min,09/23/2008,,http://click.linksynergy.com/fs-bin/stat?id=ccUl/Cc0tjI&offerid=146261&type=3&subid=0&tmpid=1826&RD_PARM1=http%253A%252F%252Fitunes.apple.com%252Fus%252Fmovie%252Fpassing-poston%252Fid288944005%253Fuo%253D4%2526partnerId%253D30,,,,,,,,,
183,NNVG116770,NNVG116770,,NNVG8786,DOC,Liberia: An Uncivil War,,,,,,,,,,,,,,102 min,09/23/2008,,http://click.linksynergy.com/fs-bin/stat?id=ccUl/Cc0tjI&offerid=146261&type=3&subid=0&tmpid=1826&RD_PARM1=http%253A%252F%252Fitunes.apple.com%252Fus%252Fmovie%252Fliberia-an-uncivil-war%252Fid289165716%253Fuo%253D4%2526partnerId%253D30,,,,,,,,,
133,NNVG116780,NNVG116780,,NNVG8753,DOC,Family Name,,,,,,,,,,,,,,89 min,09/23/2008,,http://click.linksynergy.com/fs-bin/stat?id=ccUl/Cc0tjI&offerid=146261&type=3&subid=0&tmpid=1826&RD_PARM1=http%253A%252F%252Fitunes.apple.com%252Fus%252Fmovie%252Ffamily-name%252Fid290384923%253Fuo%253D4%2526partnerId%253D30,,,,,,,,,
238,NNVG116790,NNVG116790,,NNVG8790,DOC,Questioning Faith,,,,,,,,,,,,,,84 min,09/23/2008,,http://click.linksynergy.com/fs-bin/stat?id=ccUl/Cc0tjI&offerid=146261&type=3&subid=0&tmpid=1826&RD_PARM1=http%253A%252F%252Fitunes.apple.com%252Fus%252Fmovie%252Fquestioning-faith%252Fid287893961%253Fuo%253D4%2526partnerId%253D30,,,,,,http://www.snagfilms.com/films/title/questioning_faith/,,,
243,NNVG131791,NNVG131791,,NNVG1139,DOC,Reverend Billy and the Church of Stop Shopping,,,,,,,,,,,,,,60 min,,,http://click.linksynergy.com/fs-bin/stat?id=ccUl/Cc0tjI&offerid=146261&type=3&subid=0&tmpid=1826&RD_PARM1=http%253A%252F%252Fitunes.apple.com%252FWebObjects%252FMZStore.woa%252Fwa%252FviewMovie%253Fid%253D296766394%2526s%253D143441%2526uo%253D6%2526partnerId%253D30,,,,,,,,,
379,NNVG132821,NNVG132821,,NNVG8982,NVGNYC,The Gospel at Colonus,,,,,,,,,,,,,,90 min,11/18/2008,,http://click.linksynergy.com/fs-bin/stat?id=ccUl/Cc0tjI&offerid=146261&type=3&subid=0&tmpid=1826&RD_PARM1=http%253A%252F%252Fitunes.apple.com%252Fus%252Fmovie%252Fthe-gospel-at-colonus%252Fid296068827%253Fuo%253D4%2526partnerId%253D30,,,,,,,,,
289,NNVG132830,NNVG132830,,NNVG8981,DOC,The Wild Horse Redemption,,,,,,,,,,,,,,91 min,11/13/2008,,http://click.linksynergy.com/fs-bin/stat?id=ccUl/Cc0tjI&offerid=146261&type=3&subid=0&tmpid=1826&RD_PARM1=http%253A%252F%252Fitunes.apple.com%252Fus%252Fmovie%252Fthe-wild-horse-redemption%252Fid295908832%253Fuo%253D4%2526partnerId%253D30,,,,,,,,,
90,NNVG136151,NNVG136151,,NNVG8793,DOC,Body of War,,,,,,,,,,,,,,87 min,,,http://click.linksynergy.com/fs-bin/stat?id=ccUl/Cc0tjI&offerid=146261&type=3&subid=0&tmpid=1826&RD_PARM1=http%253A%252F%252Fitunes.apple.com%252FWebObjects%252FMZStore.woa%252Fwa%252FviewMovie%253Fid%253D296059722%2526s%253D143441%2526uo%253D6%2526partnerId%253D30,,,,,,,,,
65,NNVG136160,NNVG136160,,NNVG1075,DOC,A Man Named Pearl,,,,,,,,,,,,,,78 min,,,http://click.linksynergy.com/fs-bin/stat?id=ccUl/Cc0tjI&offerid=146261&type=3&subid=0&tmpid=1826&RD_PARM1=http%253A%252F%252Fitunes.apple.com%252FWebObjects%252FMZStore.woa%252Fwa%252FviewMovie%253Fid%253D296465273%2526s%253D143441%2526uo%253D6%2526partnerId%253D30,,,,,,,,,
287,NNVG136170,NNVG136170,,NNVG1185,DOC,The Singing Revolution,,,,,,,,,,,,,,97 mins. + 100 mins. extras,,http://www.amazon.com/The-Singing-Revolution/dp/B003PH3UHK/ref=sr_1_8?ie=UTF8&s=digital-video&qid=1276094922&sr=1-8,http://click.linksynergy.com/fs-bin/stat?id=ccUl/Cc0tjI&offerid=146261&type=3&subid=0&tmpid=1826&RD_PARM1=http%253A%252F%252Fitunes.apple.com%252FWebObjects%252FMZStore.woa%252Fwa%252FviewMovie%253Fid%253D299675435%2526s%253D143441%2526uo%253D6%2526partnerId%253D30,,,,,,,,,
296,NNVG138611,NNVG138611,,NNVG1172,DOC,Triage: Dr. James Orbinski's Humanitarian Dilemma,,,,,,,,,,,,,,88 min,,http://www.amazon.com/Triage-James-Orbinskis-Humanitarian-Dilemma/dp/B003J6H2JY/ref=sr_1_2?ie=UTF8&s=digital-video&qid=1277400108&sr=1-2,http://click.linksynergy.com/fs-bin/stat?id=ccUl/Cc0tjI&offerid=146261&type=3&subid=0&tmpid=1826&RD_PARM1=http%253A%252F%252Fitunes.apple.com%252FWebObjects%252FMZStore.woa%252Fwa%252FviewMovie%253Fid%253D298916721%2526s%253D143441%2526uo%253D6%2526partnerId%253D30,,,,,,,,,
290,NNVG139821,NNVG139821,,NNVG-9935,DOC,The Wild Parrots of Telegraph Hill,,,,,,,,,,,,,,83 min,,http://www.amazon.com/Wild-Parrots-Telegraph-Hill/dp/B001736FN0/ref=sr_1_2?ie=UTF8&s=digital-video&qid=1278947712&sr=1-2,http://click.linksynergy.com/fs-bin/stat?id=ccUl/Cc0tjI&offerid=146261&type=3&subid=0&tmpid=1826&RD_PARM1=http%253A%252F%252Fitunes.apple.com%252FWebObjects%252FMZStore.woa%252Fwa%252FviewMovie%253Fid%253D266517603%2526s%253D143441%2526uo%253D6%2526partnerId%253D30,http://www.youtube.com/movie?v=fpy8jYMb5tk,,,,,,,http://www.vudu.com/,"http://www.cinemanow.com/Rent/Movies/10471,0,5,,1,4,0/1000,0,5,,1,4,397761/The-Wild-Parrots-of-Telegraph-Hill.htm"
144,NNVG146161,NNVG146161,,NNVG1213,DOC,FTA,,,,,,,,,,,,,,97 min,,http://www.amazon.com/FTA/dp/B003MEPBC8/ref=sr_1_1?ie=UTF8&s=digital-video&qid=1277399733&sr=1-1,http://click.linksynergy.com/fs-bin/stat?id=ccUl/Cc0tjI&offerid=146261&type=3&subid=0&tmpid=1826&RD_PARM1=http%253A%252F%252Fitunes.apple.com%252FWebObjects%252FMZStore.woa%252Fwa%252FviewMovie%253Fid%253D302000574%2526s%253D143441%2526uo%253D6%2526partnerId%253D30,http://www.youtube.com/watch?v=7-2w-XnMPCE,,,,,,,,
316,NNVG146170,NNVG146170,,NNVG1218,DOC,Wonders Are Many,,,,,,,,,,,,,,92 min,,http://www.amazon.com/Wonders-Are-Many/dp/B003LB4IM6/ref=sr_1_2?ie=UTF8&s=digital-video&qid=1277400022&sr=1-2,http://click.linksynergy.com/fs-bin/stat?id=ccUl/Cc0tjI&offerid=146261&type=3&subid=0&tmpid=1826&RD_PARM1=http%253A%252F%252Fitunes.apple.com%252FWebObjects%252FMZStore.woa%252Fwa%252FviewMovie%253Fid%253D301794131%2526s%253D143441%2526uo%253D6%2526partnerId%253D30,,,,,,,,,
85,NNVG146200,NNVG146200,,NNVG1374,DOC,Bird By Bird With Annie,,,,,,,,,,,,,,54 min,,http://www.amazon.com/Bird-by-with-Anne/dp/B003PN2PGQ/ref=sr_1_12?ie=UTF8&s=digital-video&qid=1276094922&sr=1-12,http://click.linksynergy.com/fs-bin/stat?id=ccUl/Cc0tjI&offerid=146261&type=3&subid=0&tmpid=1826&RD_PARM1=http%253A%252F%252Fitunes.apple.com%252FWebObjects%252FMZStore.woa%252Fwa%252FviewMovie%253Fid%253D307204071%2526s%253D143441%2526uo%253D6%2526partnerId%253D30,,,,,,,,,
86,NNVG146331,NNVG146331,,NNVG1212,DOC,Black Is..  Black Ain't,,,,,,,,,,,,,,87 min,01/27/2009,http://www.amazon.com/Black-Is-Aint/dp/B003MEFJ20/ref=sr_1_fkmr0_2?ie=UTF8&qid=1277399857&sr=1-2-fkmr0,http://itunes.apple.com/WebObjects/MZStore.woa/wa/viewMovie?id=300079650&s=143441,,,,,,,,http://www.vudu.com/,
67,NNVG146501,NNVG146501,,NNVG1211,DOC,Adam Clayton Powell,,,,,,,,,,,,,,54 min,,http://www.amazon.com/Adam-Clayton-Powell/dp/B003PTSQ2M/ref=sr_1_1?ie=UTF8&s=digital-video&qid=1276094922&sr=1-1,http://click.linksynergy.com/fs-bin/stat?id=ccUl/Cc0tjI&offerid=146261&type=3&subid=0&tmpid=1826&RD_PARM1=http%253A%252F%252Fitunes.apple.com%252FWebObjects%252FMZStore.woa%252Fwa%252FviewMovie%253Fid%253D298828510%2526s%253D143441%2526uo%253D6%2526partnerId%253D30,,,,,,,,,
210,NNVG146510,NNVG146510,,NNVG1774,DOC,Note By Note,,,,,,,,,,,,,,81 min,09/15/2009,http://www.amazon.com/Note-By/dp/B002ZRX9GI/ref=sr_1_2?ie=UTF8&s=digital-video&qid=1278621255&sr=1-2,http://click.linksynergy.com/fs-bin/stat?id=ccUl/Cc0tjI&offerid=146261&type=3&subid=0&tmpid=1826&RD_PARM1=http%253A%252F%252Fitunes.apple.com%252FWebObjects%252FMZStore.woa%252Fwa%252FviewMovie%253Fid%253D325717006%2526s%253D143441%2526uo%253D6%2526partnerId%253D30,,,,,,,,,
242,NNVG146520,NNVG146520,,NNVG1320,DOC,The Restless Conscience,,,,,,,,,,,,,,113 min,,http://www.amazon.com/The-Restless-Conscience/dp/B003NJJ3NU/ref=sr_1_2?ie=UTF8&s=digital-video&qid=1277399654&sr=1-2,http://click.linksynergy.com/fs-bin/stat?id=ccUl/Cc0tjI&offerid=146261&type=3&subid=0&tmpid=1826&RD_PARM1=http%253A%252F%252Fitunes.apple.com%252FWebObjects%252FMZStore.woa%252Fwa%252FviewMovie%253Fid%253D303636008%2526s%253D143441%2526uo%253D6%2526partnerId%253D30,,,,,,,,,
377,NNVG147421,NNVG147421,,NEWVIDEO_SPAINONTHEROADAGAIN_SEASON_001,DOC,Spain... On the Road Again Season 1,,,,,,,,,,,,,,11h 30m,09/26/2008,,http://click.linksynergy.com/fs-bin/stat?id=ccUl/Cc0tjI&offerid=146261&type=3&subid=0&tmpid=1826&RD_PARM1=http%253A%252F%252Fitunes.apple.com%252FWebObjects%252FMZStore.woa%252Fwa%252FviewTVSeason%253Fid%253D290496457%2526s%253D143441%2526uo%253D4%2526partnerId%253D30,,,,,,,,,
112,NNVG148040,NNVG148040,,NNVG8751,DOC,Critical Condition,,,,,,,,,,,,,,83 min,,,http://click.linksynergy.com/fs-bin/stat?id=ccUl/Cc0tjI&offerid=146261&type=3&subid=0&tmpid=1826&RD_PARM1=http%253A%252F%252Fitunes.apple.com%252FWebObjects%252FMZStore.woa%252Fwa%252FviewMovie%253Fid%253D288347317%2526s%253D143441%2526uo%253D6%2526partnerId%253D30,,,,,,,,,
127,NNVG149791,NNVG149791,,NNVG1800,DOC,Election Day,,,,,,,,,,,,,,84 min,,http://www.amazon.com/Election-Day/dp/B003R45C18/ref=sr_1_1?ie=UTF8&s=digital-video&qid=1276808758&sr=1-1,http://click.linksynergy.com/fs-bin/stat?id=ccUl/Cc0tjI&offerid=146261&type=3&subid=0&tmpid=1826&RD_PARM1=http%253A%252F%252Fitunes.apple.com%252FWebObjects%252FMZStore.woa%252Fwa%252FviewMovie%253Fid%253D327468861%2526s%253D143441%2526uo%253D6%2526partnerId%253D30,,,,,,,,,
185,NNVG153270,NNVG153270,,NNVG1531,DOC,Lioness,,,,,,,,,,,,,,82 min,,http://www.amazon.com/Lioness/dp/B002ZS29OA/ref=sr_1_2?ie=UTF8&s=digital-video&qid=1278621404&sr=1-2,http://click.linksynergy.com/fs-bin/stat?id=ccUl/Cc0tjI&offerid=146261&type=3&subid=0&tmpid=1826&RD_PARM1=http%253A%252F%252Fitunes.apple.com%252FWebObjects%252FMZStore.woa%252Fwa%252FviewMovie%253Fid%253D330099750%2526s%253D143441%2526uo%253D6%2526partnerId%253D30,,,,,,,,,
113,NNVG153971,NNVG153971,,NNVG1353,DOC,Crude Impact,,,,,,,,,,,,,,97 min,,,http://www.itunes.com/movies/crudeimpact,,,,,,,,,
159,NNVG154121,NNVG154121,,NNVG1738,DOC,Harlan Ellison: Dreams With Sharp Teeth,,,,,,,,,,,,,,96 min,,http://www.amazon.com/Harlan-Ellison-Dreams-Sharp-Teeth/dp/B002TZVPJE/ref=sr_1_2?ie=UTF8&s=digital-video&qid=1278685278&sr=1-2,http://click.linksynergy.com/fs-bin/stat?id=ccUl/Cc0tjI&offerid=146261&type=3&subid=0&tmpid=1826&RD_PARM1=http%253A%252F%252Fitunes.apple.com%252FWebObjects%252FMZStore.woa%252Fwa%252FviewMovie%253Fid%253D310152140%2526s%253D143441%2526uo%253D6%2526partnerId%253D30,http://www.youtube.com/movie?v=QgH6XvV45vs,,,,,,,,
211,NNVG154881,NNVG154881,,NNVG1693,DOC,Nursery University,,,,,,,,,,,,,,90 min,,http://www.amazon.com/Nursery-University/dp/B002ZRX9Q8/ref=sr_1_2?ie=UTF8&s=digital-video&qid=1278621372&sr=1-2,http://click.linksynergy.com/fs-bin/stat?id=ccUl/Cc0tjI&offerid=146261&type=3&subid=0&tmpid=1826&RD_PARM1=http%253A%252F%252Fitunes.apple.com%252FWebObjects%252FMZStore.woa%252Fwa%252FviewMovie%253Fid%253D316135034%2526s%253D143441%2526uo%253D6%2526partnerId%253D30,,,,,,,,http://www.vudu.com/movies/Movies.html#ContentDefaultPlace:192597,"http://www.cinemanow.com/Rent/Movies/10471,0,5,,1,4,0/1000,0,5,,1,4,395905/Nursery-University.htm"
149,NNVG155640,NNVG155640,,NNVG1692,DOC,Garrison Keillor: The Man On the Radio In the Red Shoes,,,,,,,,,,,,,,86 min,,http://www.amazon.com/Garrison-Keillor-Man-Radio-Shoes/dp/B002ZWFPS8/ref=sr_1_2?ie=UTF8&s=digital-video&qid=1277484301&sr=1-2,http://click.linksynergy.com/fs-bin/stat?id=ccUl/Cc0tjI&offerid=146261&type=3&subid=0&tmpid=1826&RD_PARM1=http%253A%252F%252Fitunes.apple.com%252FWebObjects%252FMZStore.woa%252Fwa%252FviewMovie%253Fid%253D316327049%2526s%253D143441%2526uo%253D6%2526partnerId%253D30,,http://www.hulu.com/watch/192686/garrison-keillor-the-man-on-the-radio-with-the-red-shoes,,,,,,,
82,NNVG158461,NNVG158461,,NNVG1839,DOC,Bela Fleck: Throw Down Your Heart,,,,,,,,,,,,,,97 min,,http://www.amazon.com/Bela-Fleck-Throw-Down-Heart/dp/B00304RHLI/ref=sr_1_2?ie=UTF8&s=digital-video&qid=1277484280&sr=1-2,http://click.linksynergy.com/fs-bin/stat?id=ccUl/Cc0tjI&offerid=146261&type=3&subid=0&tmpid=1826&RD_PARM1=http%253A%252F%252Fitunes.apple.com%252FWebObjects%252FMZStore.woa%252Fwa%252FviewMovie%253Fid%253D330272831%2526s%253D143441%2526uo%253D6%2526partnerId%253D30,,,,,,,,http://www.vudu.com/,"http://www.cinemanow.com/Rent/Movies/10471,0,5,,1,4,0/1000,0,5,,1,4,395691/Bela-Fleck-Throw-Down-Your-Heart.htm"
97,NNVG158851,NNVG158851,,NNVG1679,DOC,Burning the Future: Coal In America,,,,,,,,,,,,,,89 min,,http://www.amazon.com/Burning-Future-Coal-America/dp/B002PLXZWW/ref=sr_1_1?s=digital-video&ie=UTF8&qid=1309205148&sr=1-1,http://www.itunes.com/movies/BurningtheFutureCoalInAmerica,,,,,,,,,
250,NNVG158860,NNVG158860,,NNVG1773,DOC,Secrecy,,,,,,,,,,,,,,81 min,,http://www.amazon.com/Secrecy/dp/B002ZS67UM/ref=sr_1_2?ie=UTF8&s=digital-video&qid=1278621515&sr=1-2,http://click.linksynergy.com/fs-bin/stat?id=ccUl/Cc0tjI&offerid=146261&type=3&subid=0&tmpid=1826&RD_PARM1=http%253A%252F%252Fitunes.apple.com%252FWebObjects%252FMZStore.woa%252Fwa%252FviewMovie%253Fid%253D325679304%2526s%253D143441%2526uo%253D6%2526partnerId%253D30,,,,,,,,,
359,NNVG159320,NNVG159320,NNVG212130,DrHorr,FLATIRON,Dr. Horrible's Sing-Along Blog,Dolby Digital 5.1 Surround,22.95,Blu-ray Single,19.95,Blu-Ray Standard Amaray,,24,1-4229-7476-6,04/27/2010,42 min. + extras,05/25/2010,,7-67685-21213-4,42 min.,01/06/2009,,,,,http://us.playstation.com/,,,,,http://www.vudu.com/,"http://www.cinemanow.com/Rent/Movies/10471,0,5,,1,4,0/1000,0,5,,1,4,399019/Dr-Horribles-Sing-Along-Blog.htm"
264,NNVG164951,NNVG164951,,NNVG1801,DOC,Soldiers of Conscience,,,,,,,,,,,,,,86 min,,,http://click.linksynergy.com/fs-bin/stat?id=ccUl/Cc0tjI&offerid=146261&type=3&subid=0&tmpid=1826&RD_PARM1=http%253A%252F%252Fitunes.apple.com%252FWebObjects%252FMZStore.woa%252Fwa%252FviewMovie%253Fid%253D335419250%2526s%253D143441%2526uo%253D6%2526partnerId%253D30,,,,,,,,,
305,NNVG164960,NNVG164960,,NNVG1802,DOC,Virtual JFK: Vietnam If Kennedy Had Lived,,,,,,,,,,,,,,80 min,,http://www.amazon.com/Virtual-JFK/dp/B002ZS67Z2/ref=sr_1_1?ie=UTF8&s=digital-video&qid=1278618511&sr=1-1,http://click.linksynergy.com/fs-bin/stat?id=ccUl/Cc0tjI&offerid=146261&type=3&subid=0&tmpid=1826&RD_PARM1=http%253A%252F%252Fitunes.apple.com%252FWebObjects%252FMZStore.woa%252Fwa%252FviewMovie%253Fid%253D328428286%2526s%253D143441%2526uo%253D6%2526partnerId%253D30,,,,,,,,,
380,NNVG168751,NNVG168751,,NEWVIDEO_THEGUILD_SEASON_001,NVGNYC,The Guild: Seasons 1 & 2,,,,,,,,,,,,,,,,,http://itunes.apple.com/WebObjects/MZStore.woa/wa/viewTVSeason?id=349530150&s=143441,,,,,,,,,
176,NNVG168811,NNVG168811,,NNVG2458,DOC,Know Your Mushrooms,,,,,,,,,,,,,,73 min,04/16/2010,http://www.amazon.com/Know-Your-Mushrooms/dp/B003PURPOG/ref=sr_1_2?ie=UTF8&s=digital-video&qid=1276094922&sr=1-2,http://click.linksynergy.com/fs-bin/stat?id=ccUl/Cc0tjI&offerid=146261&type=3&subid=0&tmpid=1826&RD_PARM1=http%253A%252F%252Fitunes.apple.com%252FWebObjects%252FMZStore.woa%252Fwa%252FviewMovie%253Fid%253D371994318%2526s%253D143441%2526uo%253D6%2526partnerId%253D30,,http://www.hulu.com/watch/227146/know-your-mushrooms,,,,,,http://www.vudu.com/,
237,NNVG168820,NNVG168820,,NNVG2139,DOC,Prom Night in Mississippi,,,,,,,,,,,,,,91 min,01/26/2010,,http://www.itunes.com/movies/PromNightInMississippi,,,,,,http://www.snagfilms.com/films/title/prom_night_in_mississippi/,,http://www.vudu.com/,
3151,NNVG169491,NNVG169491,,NNVG2160,DOC,The End of the Line,,,,,,,,,,,,,,83 min,02/23/2010,http://www.amazon.com/The-End-of-the-Line/dp/B003F8UW5W/ref=sr_1_2?ie=UTF8&s=digital-video&qid=1277410334&sr=1-2,http://click.linksynergy.com/fs-bin/stat?id=ccUl/Cc0tjI&offerid=146261&type=3&subid=0&tmpid=1826&RD_PARM1=http%253A%252F%252Fitunes.apple.com%252FWebObjects%252FMZStore.woa%252Fwa%252FviewMovie%253Fid%253D351695718%2526s%253D143441%2526uo%253D4%2526partnerId%253D30,,http://www.hulu.com/the-end-of-the-line,,,,,,http://www.vudu.com/movies/Movies.html#ContentDefaultPlace:192542,
361,NNVG210140,NNVG210140,,NNVG2090,ARTHOUSE,Herb and Dorothy,,,,,,,,,,,,,,87 min,02/02/2010,http://www.amazon.com/Herb-and-Dorothy/dp/B002ZS44TI/ref=sr_1_2?ie=UTF8&s=digital-video&qid=1278618368&sr=1-2,http://click.linksynergy.com/fs-bin/stat?id=ccUl/Cc0tjI&offerid=146261&type=3&subid=0&tmpid=1826&RD_PARM1=http%253A%252F%252Fitunes.apple.com%252FWebObjects%252FMZStore.woa%252Fwa%252FviewMovie%253Fid%253D337424867%2526s%253D143441%2526uo%253D6%2526partnerId%253D30,,,,,,,,,"http://www.cinemanow.com/Rent/Movies/10471,0,5,,1,4,0/1000,0,5,,1,4,397716/Herb-and-Dorothy.htm"
9902,NNVG211900,NNVG211900,,NNVG2254,ARTHOUSE,Milton Glaser: To Inform and Delight,,,,,,,,,,,,,,73 min,04/27/2010,http://www.amazon.com/Milton-Glaser-Inform-Delight/dp/B003J1UEGW/ref=sr_1_2?ie=UTF8&s=digital-video&qid=1277400175&sr=1-2,http://itunes.apple.com/WebObjects/MZStore.woa/wa/viewMovie?id=358075615&s=143441,,,,,,,,http://www.vudu.com/movies/Movies.html#ContentDefaultPlace:192595,
11564,NNVG211910,NNVG211910,,NEWVIDEO_THEGUILD_SEASON_003,NVGNYC,The Guild:  Season 3,,,,,,,,,,,,,,,,,http://itunes.apple.com/WebObjects/MZStore.woa/wa/viewTVSeason?id=349546903&s=143441,,,,,,,,,
219,NNVG211951,NNVG211951,,NNVG1533,ARTHOUSE,Painter's Painting,,,,,,,,,,,,,,116 min,,,http://click.linksynergy.com/fs-bin/stat?id=ccUl/Cc0tjI&offerid=146261&type=3&subid=0&tmpid=1826&RD_PARM1=http%253A%252F%252Fitunes.apple.com%252FWebObjects%252FMZStore.woa%252Fwa%252FviewMovie%253Fid%253D312435677%2526s%253D143441%2526uo%253D6%2526partnerId%253D30,,,,,,,,,
9867,NNVG212380,NNVG212380,,NNVG2293,ARTHOUSE,William Kunstler: Disturbing the Universe,,,,,,,,,,,,,,86 min,04/27/2010,,http://click.linksynergy.com/fs-bin/stat?id=ccUl/Cc0tjI&offerid=146261&type=3&subid=0&tmpid=1826&RD_PARM1=http%253A%252F%252Fitunes.apple.com%252FWebObjects%252FMZStore.woa%252Fwa%252FviewMovie%253Fid%253D363332944%2526s%253D143441%2526uo%253D6%2526partnerId%253D30,,,,,,,,http://www.vudu.com/movies/Movies.html#ContentDefaultPlace:192583,
3169,NNVG212838,NNVG212838,,NNVG8404,ARTHOUSE,Black White + Gray: A Portrait of Sam Wagstaff and Robert Mapplethorpe,,,,,,,,,,,,,,72 min,,http://www.amazon.com/Black-Portrait-Wagstaff-Robert-Mapplethorpe/dp/B002ZUDJK6/ref=sr_1_2?ie=UTF8&s=digital-video&qid=1277484565&sr=1-2,http://click.linksynergy.com/fs-bin/stat?id=ccUl/Cc0tjI&offerid=146261&type=3&subid=0&tmpid=1826&RD_PARM1=http%253A%252F%252Fitunes.apple.com%252FWebObjects%252FMZStore.woa%252Fwa%252FviewMovie%253Fid%253D280894815%2526s%253D143441%2526uo%253D6%2526partnerId%253D30,http://www.youtube.com/watch?v=bDYdUuz7OL8,,,,,,,http://www.vudu.com/movies/Movies.html#ContentDefaultPlace:196901,
3153,NNVG214760,NNVG214760,,NNVG8571,ARTHOUSE,The Cool School: Story of the Ferus Art Gallery,,,,,,,,,,,,,,85 min,,http://www.amazon.com/Cool-School-Story-Ferus-Gallery/dp/B003B1TIBW/ref=sr_1_2?ie=UTF8&s=digital-video&qid=1277475824&sr=1-2,http://click.linksynergy.com/fs-bin/stat?id=ccUl/Cc0tjI&offerid=146261&type=3&subid=0&tmpid=1826&RD_PARM1=http%253A%252F%252Fitunes.apple.com%252FWebObjects%252FMZStore.woa%252Fwa%252FviewMovie%253Fid%253D281974357%2526s%253D143441%2526uo%253D6%2526partnerId%253D30,,,,,,,,,"http://www.cinemanow.com/Buy/Movies/1007,0,5,,1,2,0/1001,0,5,,1,2,398425/The-Cool-School.htm"
12445,NNVG214770,NNVG214770,,NNVG8403,ARTHOUSE,"A Walk Into the Sea: Danny Williams, the Warhol Factory",,,,,,,,,,,,,,,05/06/2008,,http://itunes.apple.com/WebObjects/MZStore.woa/wa/viewMovie?id=278416824&s=143441&uo=6,,,,,,,,,
11556,NNVG214780,NNVG214780,,NNVG8848,ARTHOUSE,Obscene,,,,,,,,,,,,,,90 min,,http://www.amazon.com/Obscene/dp/B003EMGVSG/ref=sr_1_2?ie=UTF8&s=digital-video&qid=1277414169&sr=1-2,http://click.linksynergy.com/fs-bin/stat?id=ccUl/Cc0tjI&offerid=146261&type=3&subid=0&tmpid=1826&RD_PARM1=http%253A%252F%252Fitunes.apple.com%252FWebObjects%252FMZStore.woa%252Fwa%252FviewMovie%253Fid%253D299432517%2526s%253D143441%2526uo%253D6%2526partnerId%253D30,,,,,,,,,
9230,NNVG215751,NNVG215751,,NNVG2694,DOC,The Yes Men Fix the World,,,,,,,,,,,,,,1 hr 26 min,09/10/2010,,http://click.linksynergy.com/fs-bin/stat?id=ccUl/Cc0tjI&offerid=146261&type=3&subid=0&tmpid=1826&RD_PARM1=http%253A%252F%252Fitunes.apple.com%252FWebObjects%252FMZStore.woa%252Fwa%252FviewMovie%253Fid%253D379769784%2526s%253D143441%2526uo%253D4%2526partnerId%253D30,,,,http://www.sling.com/video/show/362469/04/The-Yes-Men,http://www.xbox.com/en-US/default.htm,http://www.snagfilms.com/,http://www.tv.com/,http://www.vudu.com/,
9234,NNVG215760,NNVG215760,,NNVG2270,DOC,Dirt! The Movie,,,,,,,,,,,,,,80 min,04/06/2010,http://www.amazon.com/Dirt-The-Movie/dp/B003MS4BTS/ref=sr_1_2?ie=UTF8&s=digital-video&qid=1277399694&sr=1-2,http://click.linksynergy.com/fs-bin/stat?id=ccUl/Cc0tjI&offerid=146261&type=3&subid=0&tmpid=1826&RD_PARM1=http%253A%252F%252Fitunes.apple.com%252FWebObjects%252FMZStore.woa%252Fwa%252FviewMovie%253Fid%253D360003289%2526s%253D143441%2526uo%253D6%2526partnerId%253D30,,http://www.hulu.com/watch/191666/dirt-the-movie,,,,,,http://www.vudu.com/,"http://www.cinemanow.com/Rent/Movies/10471,0,5,,1,4,0/1000,0,5,,1,4,395646/Dirt!-The-Movie.htm"
9861,NNVG215770,NNVG215770,,NNVG2271,DOC,Blessed Is the Match: The Life and Death of Hannah Senesh,,,,,,,,,,,,,,85 min,,http://www.amazon.com/Blessed-Match-Death-Hannah-Senesh/dp/B003LB4JHU/ref=sr_1_2?ie=UTF8&s=digital-video&qid=1277399994&sr=1-2,http://click.linksynergy.com/fs-bin/stat?id=ccUl/Cc0tjI&offerid=146261&type=3&subid=0&tmpid=1826&RD_PARM1=http%253A%252F%252Fitunes.apple.com%252FWebObjects%252FMZStore.woa%252Fwa%252FviewMovie%253Fid%253D361404006%2526s%253D143441%2526uo%253D6%2526partnerId%253D30,,http://www.hulu.com/watch/191667/blessed-is-the-match-the-life-and-death-of-hannah-senesh,,,,,,http://www.vudu.com/,
11525,NNVG215780,NNVG215780,,NNVG2457,DOC,My Dog,,,,,,,,,,,,,,50 mins,07/25/2010,http://www.amazon.com/My-Dog-Unconditional-Love-Story/dp/B003P6U94S/ref=sr_1_2?ie=UTF8&s=digital-video&qid=1277399564&sr=1-2,http://www.iTunes.com/Movies/MyDogAnUnconditionalLoveStory,http://www.youtube.com/watch?v=U9UswN1rw2g,http://www.hulu.com/my-dog-an-unconditional-love-story,,,,,,,
9920,NNVG216281,NNVG216281,,NNVG8846,ARTHOUSE,Alice Neel: A Documentary by Andrew Neel,,,,,,,,,,,,,,81 min,10/14/2008,http://www.amazon.com/Alice-Neel/dp/B003D3FOAW/ref=sr_1_2?ie=UTF8&s=digital-video&qid=1277474998&sr=1-2,http://click.linksynergy.com/fs-bin/stat?id=ccUl/Cc0tjI&offerid=146261&type=3&subid=0&tmpid=1826&RD_PARM1=http%253A%252F%252Fitunes.apple.com%252FWebObjects%252FMZStore.woa%252Fwa%252FviewMovie%253Fid%253D292236393%2526s%253D143441%2526uo%253D6%2526partnerId%253D30,,,,,,,,,
13290,NNVG217961,NNVG217961,,NNVG2624,FLATIRON,Red Vs. Blue:  The Blood Gulch Chronicles:  The First Five Seasons,,,,,,,,,,,,,,,,http://www.amazon.com/Red-Blue-Blood-Gulch-Chronicles/dp/B003U6QAG4/ref=sr_1_1?s=digital-video&ie=UTF8&qid=1309192625&sr=1-1,http://click.linksynergy.com/fs-bin/stat?id=ccUl/Cc0tjI&offerid=146261&type=3&subid=0&tmpid=1826&RD_PARM1=http%253A%252F%252Fitunes.apple.com%252Fus%252Fmovie%252Fred-vs-blue-the-blood-gulch%252Fid372657857%253Fuo%253D4%2526partnerId%253D30,,,,,,,,,"http://www.cinemanow.com/Rent/Movies/10471,0,5,,1,4,0/1000,0,5,,1,4,403008/Red-vs-Blue---Season-1.htm"
14304,NNVG218421,NNVG218421,,NNVG2695,DOC,Huxley on Huxley,,,,,,,,,,,,,,58 min,07/28/2010,http://www.amazon.com/Huxley-on/dp/B003YJCL38/ref=sr_1_26?s=STORE&ie=UTF8&qid=1285603615&sr=1-26,http://www.iTunes.com/Movies/HuxleyOnHuxley,,,,,,,,,
11592,NNVG218471,NNVG218471,,NNVG2253,NVGNYC,The Awkward Comedy Show,,,,,,,,,,,,,,80 min,05/04/2010,http://www.amazon.com/The-Awkward-Comedy-Show/dp/B003KWZ4YC/ref=sr_1_2?ie=UTF8&s=digital-video&qid=1277400056&sr=1-2,http://click.linksynergy.com/fs-bin/stat?id=ccUl/Cc0tjI&offerid=146261&type=3&subid=0&tmpid=1826&RD_PARM1=http%253A%252F%252Fitunes.apple.com%252FWebObjects%252FMZStore.woa%252Fwa%252FviewMovie%253Fid%253D354788780%2526s%253D143441%2526uo%253D6%2526partnerId%253D30,,,http://us.playstation.com/,,,,,,
11547,NNVG218490,NNVG218490,,NNVG2269,ARTHOUSE,Visual Acoustics: The Modernism of Julius Shulman,,,,,,,,,,,,,,83 min,05/25/2010,http://www.amazon.com/Visual-Acoustics/dp/B003NVMYZC/ref=sr_1_2?ie=UTF8&s=digital-video&qid=1277399603&sr=1-2,http://www.iTunes.com/Movies/VisualAcousticsTheModernismofJuliusShulman,,,,,,,,,
12438,NNVG218500,NNVG218500,,NNVG2532,ARTHOUSE,Rem Koolhaas: A Kind of Architect,,,,,,,,,,,,,,97 min,06/29/2010,http://www.amazon.com/Rem-Koolhaas-Kind-Architect/dp/B003U61JJW/ref=sr_1_101?s=STORE&ie=UTF8&qid=1285604171&sr=1-101,http://www.iTunes.com/Movies/RemKoolhaasAKindofArchitect,,,,,,,,,
13287,NNVG219031,NNVG219031,,NNVG2186,FLATIRON,Bass Ackwards,,,,,,,,,,,,,,1hr 41min,01/21/2010,http://www.amazon.com/Bass-Ackwards-Festival-Premiere/dp/B0034DLN8S/ref=sr_1_1?ie=UTF8&s=digital-video&qid=1277482382&sr=1-1,http://click.linksynergy.com/fs-bin/stat?id=ccUl/Cc0tjI&offerid=146261&type=3&subid=0&tmpid=1826&RD_PARM1=http%253A%252F%252Fitunes.apple.com%252FWebObjects%252FMZStore.woa%252Fwa%252FviewMovie%253Fid%253D351050587%2526s%253D143441%2526uo%253D6%2526partnerId%253D30,,http://www.hulu.com/watch/191665/bass-ackwards,http://us.playstation.com/games-and-media/movies/bass-ackwards-2010.html,,,,,http://www.vudu.com/,
14396,NNVG223221,NNVG223221,,NNVG2821,DOC,"Yoo Hoo, Mrs. Goldberg",,,,,,,,,,,,,,92 min,08/24/2010,http://www.amazon.com/Yoo-Hoo-Mrs-Goldberg/dp/B0040J0RU0/,http://click.linksynergy.com/fs-bin/stat?id=ccUl/Cc0tjI&offerid=146261&type=3&subid=0&tmpid=1826&RD_PARM1=http%253A%252F%252Fitunes.apple.com%252FWebObjects%252FMZStore.woa%252Fwa%252FviewMovie%253Fid%253D388347634%2526s%253D143441%2526uo%253D4%2526partnerId%253D30,,,,http://www.sling.com/,http://www.xbox.com/en-US/default.htm,http://www.snagfilms.com/,http://www.tv.com/,http://www.vudu.com/,
14321,NNVG224520,NNVG224520,,NNVG2697,FLATIRON,Red Vs. Blue Season 6: Reconstruction,,,,,,,,,,,,,,117 min,,http://www.amazon.com/Red-vs-Blue-Reconstruction/dp/B004ILMRW6/ref=sr_1_1?s=digital-video&ie=UTF8&qid=1309192654&sr=1-1,http://click.linksynergy.com/fs-bin/stat?id=ccUl/Cc0tjI&offerid=146261&type=3&subid=0&tmpid=1826&RD_PARM1=http%253A%252F%252Fitunes.apple.com%252Fus%252Fmovie%252Fred-vs-blue-reconstruction%252Fid380759183%253Fuo%253D4%2526partnerId%253D30,,,,,,,,,"http://www.cinemanow.com/Rent/Movies/10471,0,5,,1,4,0/1000,0,5,,1,4,399025/Red-vs-Blue-Reconstruction.htm"
15472,NNVG224530,NNVG224530,,NNVG2822,FLATIRON,Red Vs. Blue Season 7: Recreation,,,,,,,,,,,,,,93 min,,http://www.amazon.com/Red-vs-Blue-Recreation/dp/B0041R6CVE/ref=sr_1_2?s=digital-video&ie=UTF8&qid=1309192654&sr=1-2,http://click.linksynergy.com/fs-bin/stat?id=ccUl/Cc0tjI&offerid=146261&type=3&subid=0&tmpid=1826&RD_PARM1=http%253A%252F%252Fitunes.apple.com%252Fus%252Fmovie%252Fred-vs-blue-recreation%252Fid399341922%253Fuo%253D4%2526partnerId%253D30,,,,,,,,,
15494,NNVG224540,NNVG224540,,NNVG224540,DOC,The Age of Stupid,,,,,,,,,,,,,,89 min,,http://www.amazon.com/The-Age-of-Stupid/dp/B0040LL5WW/ref=sr_1_1?s=digital-video&ie=UTF8&qid=1309206088&sr=1-1,,,,http://us.playstation.com/,,,,,,
15412,NNVG224550,NNVG224550,,NNVG2779,FLATIRON,Private,,,,,,,,,,,,,,100 min,08/24/2010,http://www.amazon.com/Private/dp/B003ZWGJRI/,http://itunes.apple.com/WebObjects/MZStore.woa/wa/viewMovie?id=383505203&s=143441,,,,,,,,,
12450,NNVG224560,NNVG224560,,NNVG1849,ARTHOUSE,Chuck Close,,,,,,,,,,,,,,116 min,,,http://click.linksynergy.com/fs-bin/stat?id=ccUl/Cc0tjI&offerid=146261&type=3&subid=0&tmpid=1826&RD_PARM1=http%253A%252F%252Fitunes.apple.com%252FWebObjects%252FMZStore.woa%252Fwa%252FviewMovie%253Fid%253D337704120%2526s%253D143441%2526uo%253D6%2526partnerId%253D30,,,,,,,,,
19171,NNVG225071,NNVG225071,,NNVG2968,ARTHOUSE,Jean-Michel Basquiat: The Radiant Child,,,,,,,,,,,,,,93 min,11/09/2010,,http://click.linksynergy.com/fs-bin/stat?id=ccUl/Cc0tjI&offerid=146261&type=3&subid=0&tmpid=1826&RD_PARM1=http%253A%252F%252Fitunes.apple.com%252FWebObjects%252FMZStore.woa%252Fwa%252FviewMovie%253Fid%253D396295411%2526s%253D143441%2526uo%253D4%2526partnerId%253D30,,,http://us.playstation.com/,,http://www.xbox.com/en-US/default.htm,,,http://www.vudu.com/,
17714,NNVG225101,NNVG225101,,NNVG2876,DOC,Soundtrack for a Revolution,,,,,,,,,,,,,,82 min,,http://www.amazon.com/Soundtrack-for-a-Revolution/dp/B0045026NU/,http://click.linksynergy.com/fs-bin/stat?id=ccUl/Cc0tjI&offerid=146261&type=3&subid=0&tmpid=1826&RD_PARM1=http%253A%252F%252Fitunes.apple.com%252FWebObjects%252FMZStore.woa%252Fwa%252FviewMovie%253Fid%253D388322408%2526s%253D143441%2526uo%253D4%2526partnerId%253D30,,,,,,,,http://www.vudu.com/,
17725,NNVG225110,NNVG225110,,NNVG2990,FLATIRON,Red Vs. Blue Season 8: Revelation,,,,,,,,,,,,,,116 min,,,http://click.linksynergy.com/fs-bin/stat?id=ccUl/Cc0tjI&offerid=146261&type=3&subid=0&tmpid=1826&RD_PARM1=http%253A%252F%252Fitunes.apple.com%252Fus%252Fmovie%252Fred-vs-blue-revelation%252Fid399367633%253Fuo%253D4%2526partnerId%253D30,,,,,,,,,
13607,NNVG229021,NNVG229021,NNVG229030,NNVG2899,FLATIRON,The Secret of Kells,Dolby Digital 2.0 Stereo,,DVD 2-pk SET,39.95,BD Swing Amaray,,24,1-4229-9238-1,09/07/2010,75 min + extras,10/05/2010,English,7-67685-22903-3,,10/05/2010,http://www.amazon.com/The-Secret-of-Kells/dp/B00426405Y/ref=sr_1_1?s=digital-video&ie=UTF8&qid=1285768359&sr=1-1,http://click.linksynergy.com/fs-bin/stat?id=ccUl/Cc0tjI&offerid=146261&type=3&subid=0&tmpid=1826&RD_PARM1=http%253A%252F%252Fitunes.apple.com%252FWebObjects%252FMZStore.woa%252Fwa%252FviewMovie%253Fid%253D390523341%2526s%253D143441%2526uo%253D4%2526partnerId%253D30,,,http://us.playstation.com/,,http://www.xbox.com/en-US/default.htm,,,http://www.vudu.com/,
18737,NNVG230311,NNVG230311,,NNVG2969,FLATIRON,Carmelo's Way,,,,,,,,,,,,,,124 min,11/08/2010,http://www.amazon.com/Carmelos-Way/dp/B004CU7566/ref=sr_1_19?s=digital-video&ie=UTF8&qid=1294070007&sr=1-19,http://click.linksynergy.com/fs-bin/stat?id=ccUl/Cc0tjI&offerid=146261&type=3&subid=0&tmpid=1826&RD_PARM1=http%253A%252F%252Fitunes.apple.com%252FWebObjects%252FMZStore.woa%252Fwa%252FviewMovie%253Fid%253D396848476%2526s%253D143441%2526uo%253D4%2526partnerId%253D30,,,,,http://www.xbox.com/en-US/default.htm,,,http://www.vudu.com/,
18905,NNVG230320,NNVG230320,,NNVG3023,DOC,Best Worst Movie,,,,,,,,,,,,,,93 min,11/16/2010,http://www.amazon.com/Best-Worst-Movie/dp/B004CU6Z1C/ref=sr_1_18?s=digital-video&ie=UTF8&qid=1294070007&sr=1-18,http://click.linksynergy.com/fs-bin/stat?id=ccUl/Cc0tjI&offerid=146261&type=3&subid=0&tmpid=1826&RD_PARM1=http%253A%252F%252Fitunes.apple.com%252FWebObjects%252FMZStore.woa%252Fwa%252FviewMovie%253Fid%253D397681677%2526s%253D143441%2526uo%253D4%2526partnerId%253D30,,,http://us.playstation.com/,,http://www.xbox.com/en-US/default.htm,,,http://www.vudu.com/,
18528,NNVG231511,NNVG231511,,NNVG2949,TRIBECA,The Infidel,,,,,,,,,,,,,,105 min,10/26/2010,,http://click.linksynergy.com/fs-bin/stat?id=ccUl/Cc0tjI&offerid=146261&type=3&subid=0&tmpid=1826&RD_PARM1=http%253A%252F%252Fitunes.apple.com%252FWebObjects%252FMZStore.woa%252Fwa%252FviewMovie%253Fid%253D392011256%2526s%253D143441%2526uo%253D4%2526partnerId%253D30,,,http://us.playstation.com/,,http://www.xbox.com/en-US/default.htm,,,,"http://www.cinemanow.com/Rent/Movies/10471,0,5,,1,4,0/1000,0,5,,1,4,399022/The-Infidel.htm"
18531,NNVG231520,NNVG231520,,NNVG2950,TRIBECA,The Wild and Wonderful Whites of West Virginia,,,,,,,,,,,,,,86 min,11/05/2010,,http://click.linksynergy.com/fs-bin/stat?id=ccUl/Cc0tjI&offerid=146261&type=3&subid=0&tmpid=1826&RD_PARM1=http%253A%252F%252Fitunes.apple.com%252FWebObjects%252FMZStore.woa%252Fwa%252FviewMovie%253Fid%253D399555285%2526s%253D143441%2526uo%253D4%2526partnerId%253D30,,,http://us.playstation.com/,,http://www.xbox.com/en-US/default.htm,,,,"http://www.cinemanow.com/Rent/Movies/10471,0,5,,1,4,0/1000,0,5,,1,4,397764/The-Wild-and-Wonderful-Whites-of-West-Virginia.htm"
19046,NNVG231530,NNVG231530,,NNVG3021,TRIBECA,Metropia,,,,,,,,,,,,,,86 min,,,http://click.linksynergy.com/fs-bin/stat?id=ccUl/Cc0tjI&offerid=146261&type=3&subid=0&tmpid=1826&RD_PARM1=http%253A%252F%252Fitunes.apple.com%252Fus%252Fmovie%252Fmetropia%252Fid397954314%253Fuo%253D4%2526partnerId%253D30,,,http://us.playstation.com/,,http://www.xbox.com/en-US/default.htm,,,,
19697,NNVG231540,NNVG231540,,NNVG3287,TRIBECA,The Trotsky,,,,,,,,,,,,,,113 min,,,http://click.linksynergy.com/fs-bin/stat?id=ccUl/Cc0tjI&offerid=146261&type=3&subid=0&tmpid=1826&RD_PARM1=http%253A%252F%252Fitunes.apple.com%252Fus%252Fmovie%252Fthe-trotsky%252Fid405731289%253Fuo%253D4%2526partnerId%253D30,,,http://us.playstation.com/,,http://www.xbox.com/en-US/default.htm,,,,"http://www.cinemanow.com/Rent/Movies/10471,0,5,,1,4,0/1000,0,5,,1,4,398752/The-Trotsky.htm"
19701,NNVG231550,NNVG231550,,NNVG3288,TRIBECA,The Immaculate Conception of Little Dizzle,,,,,,,,,,,,,,104 min,12/14/2010,,http://click.linksynergy.com/fs-bin/stat?id=ccUl/Cc0tjI&offerid=146261&type=3&subid=0&tmpid=1826&RD_PARM1=http%253A%252F%252Fitunes.apple.com%252FWebObjects%252FMZStore.woa%252Fwa%252FviewMovie%253Fid%253D404741494%2526s%253D143441%2526uo%253D4%2526partnerId%253D30,,,http://us.playstation.com/,,http://www.xbox.com/en-US/default.htm,,,,"http://www.cinemanow.com/Rent/Movies/10471,0,5,,1,4,0/1000,0,5,,1,4,398749/The-Immaculate-Conception-of-Little-Dizzle.htm"
18548,NNVG232310,NNVG232310,,NNVG3261,FLATIRON,Yes Virginia,,,,,,,,,,,,,,30 min,11/08/2010,http://www.amazon.com/Yes-Virginia/dp/B004ANPKNK/,http://click.linksynergy.com/fs-bin/stat?id=ccUl/Cc0tjI&offerid=146261&type=3&subid=0&tmpid=1826&RD_PARM1=http%253A%252F%252Fitunes.apple.com%252FWebObjects%252FMZStore.woa%252Fwa%252FviewTVSeason%253Fid%253D399226289%2526s%253D143441%2526uo%253D4%2526partnerId%253D30,,,,,,,,,"http://www.cinemanow.com/Rent/Movies/10471,0,5,,1,4,0/1000,0,5,,1,4,398755/Yes-Virginia.htm"
19074,NNVG233241,NNVG233241,,NNVG3022,DOC,They Came to Play,,,,,,,,,,,,,,91 min,11/16/2010,http://www.amazon.com/They-Came-to-Play/dp/B004CVSKA0/ref=sr_1_16?s=digital-video&ie=UTF8&qid=1294070007&sr=1-16,http://click.linksynergy.com/fs-bin/stat?id=ccUl/Cc0tjI&offerid=146261&type=3&subid=0&tmpid=1826&RD_PARM1=http%253A%252F%252Fitunes.apple.com%252FWebObjects%252FMZStore.woa%252Fwa%252FviewMovie%253Fid%253D398884091%2526s%253D143441%2526uo%253D4%2526partnerId%253D30,,,,,http://www.xbox.com/en-US/default.htm,,,http://www.vudu.com/,
18700,NNVG234951,NNVG234951,,NNVG1159,FLATIRON,The Puppet Master Collection,,,,,,,,,,,,,,,,http://www.amazon.com/Puppet-Master/dp/B002PM0BSW/ref=sr_1_1?s=digital-video&ie=UTF8&qid=1309192697&sr=1-1,http://ax.search.itunes.apple.com/WebObjects/MZSearch.woa/wa/search?entity=movie&media=all&page=1&restrict=true&startIndex=0&term=puppet+master,,http://www.hulu.com/watch/103126/puppet-master,http://us.playstation.com/,,,,,http://www.vudu.com/,"http://www.cinemanow.com/Rent/Movies/10471,0,5,,1,4,0/1000,0,5,,1,4,397707/Puppet-Master.htm"
22001,NNVG236690,NNVG236690,,NNVG3602,DOC,The Human Experience,,,,,,,,,,,,,,90 min,03/29/2011,,http://click.linksynergy.com/fs-bin/stat?id=ccUl/Cc0tjI&offerid=146261&type=3&subid=0&tmpid=1826&RD_PARM1=http%253A%252F%252Fitunes.apple.com%252FWebObjects%252FMZStore.woa%252Fwa%252FviewMovie%253Fid%253D424492617%2526s%253D143441%2526uo%253D4%2526partnerId%253D30,,,,,,,,,
20720,NNVG236941,NNVG236941,,NNVG3398,DOC,No Tomorrow,,,,,,,,,,,,,,86 min,02/04/2011,http://www.amazon.com/No-Tomorrow/dp/B004KPSDQO/ref=sr_1_1?s=digital-video&ie=UTF8&qid=1296833571&sr=1-1,http://click.linksynergy.com/fs-bin/stat?id=ccUl/Cc0tjI&offerid=146261&type=3&subid=0&tmpid=1826&RD_PARM1=http%253A%252F%252Fitunes.apple.com%252Fus%252Fmovie%252Fno-tomorrow%252Fid411621760%253Fuo%253D4%2526partnerId%253D30,,,http://us.playstation.com/,,,,,,
20732,NNVG236991,NNVG236991,,NNVG3033,FLATIRON,Tupac Uncensored and Uncut: The Lost Prison Tapes,,,,,,,,,,,,,,43 min,01/25/2011,,http://click.linksynergy.com/fs-bin/stat?id=ccUl/Cc0tjI&offerid=146261&type=3&subid=0&tmpid=1826&RD_PARM1=http%253A%252F%252Fitunes.apple.com%252FWebObjects%252FMZStore.woa%252Fwa%252FviewMovie%253Fid%253D399572447%2526s%253D143441%2526uo%253D4%2526partnerId%253D30,,,http://us.playstation.com/,,http://www.xbox.com/en-US/default.htm,,,,"http://www.cinemanow.com/Rent/Movies/10471,0,5,,1,4,0/1000,0,5,,1,4,402406/Tupac-Uncensored-and-Uncut---The-Lost-Prison-Tapes.htm"
20717,NNVG237000,NNVG237000,,NNVG3396,DOC,Which Way Home,,,,,,,,,,,,,,83 min,,,http://www.iTunes.com/Movies/WhichWayHome,,,,,,,,http://www.vudu.com,
21404,NNVG237071,NNVG237071,,NNVG3412,DOC,See What I'm Saying,,,,,,,,,,,,,,91 min,02/22/2011,http://www.amazon.com/See-What-Im-Saying/dp/B0051DUYJI/ref=sr_1_20?s=digital-video&ie=UTF8&qid=1308936971&sr=1-20,,,,http://us.playstation.com/,,,,,http://www.vudu.com/,"http://www.cinemanow.com/Rent/Movies/10471,0,5,,1,4,0/1000,0,5,,1,4,403398/See-What-Im-Saying.htm"
20746,NNVG237290,NNVG237290,,NNVG3397,TRIBECA,My Last Five Girlfriends,,,,,,,,,,,,,,87 min,01/25/2011,,http://click.linksynergy.com/fs-bin/stat?id=ccUl/Cc0tjI&offerid=146261&type=3&subid=0&tmpid=1826&RD_PARM1=http%253A%252F%252Fitunes.apple.com%252FWebObjects%252FMZStore.woa%252Fwa%252FviewMovie%253Fid%253D409993222%2526s%253D143441%2526uo%253D4%2526partnerId%253D30,,,http://us.playstation.com/,,http://www.xbox.com/en-US/default.htm,,,,"http://www.cinemanow.com/Rent/Movies/10471,0,5,,1,4,0/1000,0,5,,1,4,402401/My-Last-Five-Girlfriends.htm"
20740,NNVG237300,NNVG237300,,NNVG3316,TRIBECA,Sex & Drugs & Rock & Roll,,,,,,,,,,,,,,115 min,12/23/2010,,http://click.linksynergy.com/fs-bin/stat?id=ccUl/Cc0tjI&offerid=146261&type=3&subid=0&tmpid=1826&RD_PARM1=http%253A%252F%252Fitunes.apple.com%252FWebObjects%252FMZStore.woa%252Fwa%252FviewMovie%253Fid%253D407892592%2526s%253D143441%2526uo%253D4%2526partnerId%253D30,,,http://us.playstation.com/,,http://www.xbox.com/en-US/default.htm,,,,
20702,NNVG237310,NNVG237310,,NNVG3396,DOC,Still Bill,,,,,,,,,,,,,,83 min,01/25/2011,http://www.amazon.com/Still-Bill/dp/B004KPULYG/ref=sr_1_27?s=digital-video&ie=UTF8&qid=1308937218&sr=1-27,http://click.linksynergy.com/fs-bin/stat?id=ccUl/Cc0tjI&offerid=146261&type=3&subid=0&tmpid=1826&RD_PARM1=http%253A%252F%252Fitunes.apple.com%252FWebObjects%252FMZStore.woa%252Fwa%252FviewMovie%253Fid%253D410763487%2526s%253D143441%2526uo%253D4%2526partnerId%253D30,http://www.youtube.com/movie?v=Mt_Lkhl1B3g,,,,,,,http://www.vudu.com/,
21425,NNVG237321,NNVG237321,,NNVG3413,DOC,Waiting for Hockney,,,,,,,,,,,,,,78 min,02/22/2011,http://www.amazon.com/Waiting-for-Hockney/dp/B0051DUUYW/ref=sr_1_18?s=digital-video&ie=UTF8&qid=1308936971&sr=1-18,http://click.linksynergy.com/fs-bin/stat?id=ccUl/Cc0tjI&offerid=146261&type=3&subid=0&tmpid=1826&RD_PARM1=http%253A%252F%252Fitunes.apple.com%252FWebObjects%252FMZStore.woa%252Fwa%252FviewMovie%253Fid%253D415177172%2526s%253D143441%2526uo%253D4%2526partnerId%253D30,,,http://us.playstation.com/,,,,,http://www.vudu.com/,"http://www.cinemanow.com/Rent/Movies/10471,0,5,,1,4,0/1000,0,5,,1,4,403039/Waiting-for-Hockney.htm"
21442,NNVG238361,NNVG238361,,NNVG3445,TRIBECA,"Road, Movie",,,,,,,,,,,,,,95 min,02/22/2011,,http://click.linksynergy.com/fs-bin/stat?id=ccUl/Cc0tjI&offerid=146261&type=3&subid=0&tmpid=1826&RD_PARM1=http%253A%252F%252Fitunes.apple.com%252FWebObjects%252FMZStore.woa%252Fwa%252FviewMovie%253Fid%253D413832694%2526s%253D143441%2526uo%253D4%2526partnerId%253D30,,,http://us.playstation.com/,,http://www.xbox.com/en-US/default.htm,,,,"http://www.cinemanow.com/Rent/Movies/10471,0,5,,1,4,0/1000,0,5,,1,4,402137/Road-Movie.htm"
21606,NNVG238370,NNVG238370,,NNVG3446,TRIBECA,Climate of Change,,,,,,,,,,,,,,88 min,02/22/2011,,http://click.linksynergy.com/fs-bin/stat?id=ccUl/Cc0tjI&offerid=146261&type=3&subid=0&tmpid=1826&RD_PARM1=http%253A%252F%252Fitunes.apple.com%252FWebObjects%252FMZStore.woa%252Fwa%252FviewMovie%253Fid%253D413897156%2526s%253D143441%2526uo%253D4%2526partnerId%253D30,,,http://us.playstation.com/,,http://www.xbox.com/en-US/default.htm,,,,"http://www.cinemanow.com/Rent/Movies/10471,0,5,,1,4,0/1000,0,5,,1,4,402140/Climate-of-Change.htm"
21437,NNVG238380,NNVG238380,,NEWVIDEO_THEGUILD_SEASON_004,FLATIRON,The Guild Season 4,,,,,,,,,,,,,,65 minutes,,,http://click.linksynergy.com/fs-bin/stat?id=ccUl/Cc0tjI&offerid=146261&type=3&subid=0&tmpid=1826&RD_PARM1=http%253A%252F%252Fitunes.apple.com%252Fus%252Ftv-season%252Fthe-guild-season-4%252Fid404635185%253Fuo%253D4%2526partnerId%253D30,,,,,,,,,
22017,NNVG238390,NNVG238390,,NNVG3601,DOC,Ingredients,,,,,,,,,,,,,,67 min,03/29/2011,http://www.amazon.com/Ingredients/dp/B0051DV3UW/ref=sr_1_22?s=digital-video&ie=UTF8&qid=1308936971&sr=1-22,http://click.linksynergy.com/fs-bin/stat?id=ccUl/Cc0tjI&offerid=146261&type=3&subid=0&tmpid=1826&RD_PARM1=http%253A%252F%252Fitunes.apple.com%252FWebObjects%252FMZStore.woa%252Fwa%252FviewMovie%253Fid%253D421329052%2526s%253D143441%2526uo%253D4%2526partnerId%253D30,http://www.youtube.com/movie?v=pCFYhyYI2NQ,,,,,,,,
22022,NNVG238400,NNVG238400,,NNVG3681,DOC,Colony,,,,,,,,,,,,,,88 min,03/29/2011,http://www.amazon.com/Colony/dp/B0051DVG2M/ref=sr_1_23?s=digital-video&ie=UTF8&qid=1308936971&sr=1-23,http://click.linksynergy.com/fs-bin/stat?id=ccUl/Cc0tjI&offerid=146261&type=3&subid=0&tmpid=1826&RD_PARM1=http%253A%252F%252Fitunes.apple.com%252FWebObjects%252FMZStore.woa%252Fwa%252FviewMovie%253Fid%253D423170433%2526s%253D143441%2526uo%253D4%2526partnerId%253D30,,,,,,,,,
22035,NNVG239310,NNVG239310,,NNVG3414,FLATIRON,Who's the Caboose?,,,,,,,,,,,,,,94 min,03/29/2011,,http://click.linksynergy.com/fs-bin/stat?id=ccUl/Cc0tjI&offerid=146261&type=3&subid=0&tmpid=1826&RD_PARM1=http%253A%252F%252Fitunes.apple.com%252FWebObjects%252FMZStore.woa%252Fwa%252FviewMovie%253Fid%253D427702464%2526s%253D143441%2526uo%253D4%2526partnerId%253D30,,,http://us.playstation.com/games-and-media/movies/,,,,,,"http://www.cinemanow.com/Rent/Movies/10471,0,5,,1,4,0/1000,0,5,,1,4,403834/Whos-the-Caboose.htm"
22044,NNVG239320,NNVG239320,,NNVG3600,TRIBECA,The Swimsuit Issue,,,,,,,,,,,,,,100 min,03/29/2011,,http://click.linksynergy.com/fs-bin/stat?id=ccUl/Cc0tjI&offerid=146261&type=3&subid=0&tmpid=1826&RD_PARM1=http%253A%252F%252Fitunes.apple.com%252FWebObjects%252FMZStore.woa%252Fwa%252FviewMovie%253Fid%253D428791520%2526s%253D143441%2526uo%253D4%2526partnerId%253D30,,,http://us.playstation.com/games-and-media/movies/,,http://www.xbox.com/en-US/default.htm,,,,
22210,NNVG243040,NNVG243040,,NNVG3666,DOC,Making the Crooked Straight,,,,,,,,,,,,,,30 min,02/22/2011,http://www.amazon.com/Making-the-Crooked-Straight/dp/B0051DV140/ref=sr_1_19?s=digital-video&ie=UTF8&qid=1308936971&sr=1-19,http://click.linksynergy.com/fs-bin/stat?id=ccUl/Cc0tjI&offerid=146261&type=3&subid=0&tmpid=1826&RD_PARM1=http%253A%252F%252Fitunes.apple.com%252Fus%252Fmovie%252Fmaking-the-crooked-straight%252Fid427898610%253Fuo%253D4%2526partnerId%253D30,,,,,,,,,"http://www.cinemanow.com/Rent/Movies/10471,0,5,,1,4,0/1000,0,5,,1,4,403036/Making-the-Crooked-Straight.htm"
23148,NNVG243250,NNVG243250,,NNVG3683,DOC,Jews and Baseball,,,,,,,,,,,,,,91 min,04/20/2011,http://www.amazon.com/Jews-Baseball-American-Love-Story/dp/B0051DWYF0/ref=sr_1_21?s=digital-video&ie=UTF8&qid=1308936971&sr=1-21,http://click.linksynergy.com/fs-bin/stat?id=ccUl/Cc0tjI&offerid=146261&type=3&subid=0&tmpid=1826&RD_PARM1=http%253A%252F%252Fitunes.apple.com%252Fus%252Fmovie%252Fjews-baseball-an-american%252Fid426081763%253Fuo%253D4%2526partnerId%253D30,,,,,,,,http://www.vudu.com/,
17163,NNVG400082,NNVG400082,,NNVG8654,PLEXI,I Am Trying to Break Your Heart: A Film About Wilco,,,,,,,,,,,,,,92 min,,http://www.amazon.com/Am-Trying-Break-Your-Heart/dp/B002PULCR8/ref=sr_1_2?ie=UTF8&s=digital-video&qid=1278946754&sr=1-2,http://click.linksynergy.com/fs-bin/stat?id=ccUl/Cc0tjI&offerid=146261&type=3&subid=0&tmpid=1826&RD_PARM1=http%253A%252F%252Fitunes.apple.com%252FWebObjects%252FMZStore.woa%252Fwa%252FviewMovie%253Fid%253D285994519%2526s%253D143441%2526uo%253D6%2526partnerId%253D30,,,,,,,,http://www.vudu.com/movies/Movies.html#ContentDefaultPlace:32274,
17151,NNVG400222,NNVG400222,,NNVG8816,PLEXI,Moog,,,,,,,,,,,,,,70 min,08/15/2008,http://www.amazon.com/Moog/dp/B002VOY6MQ/ref=sr_1_2?ie=UTF8&s=digital-video&qid=1278622235&sr=1-2,http://click.linksynergy.com/fs-bin/stat?id=ccUl/Cc0tjI&offerid=146261&type=3&subid=0&tmpid=1826&RD_PARM1=http%253A%252F%252Fitunes.apple.com%252FWebObjects%252FMZStore.woa%252Fwa%252FviewMovie%253Fid%253D289376986%2526s%253D143441%2526uo%253D4%2526partnerId%253D30,,,,,,,,http://www.vudu.com/,
17118,NNVG400232,NNVG400232,,NNVG8731,PLEXI,Drive Well Sleep Carefully: On the Road with Death Cab for Cutie,,,,,,,,,,,,,,86 min,07/03/2008,,http://click.linksynergy.com/fs-bin/stat?id=ccUl/Cc0tjI&offerid=146261&type=3&subid=0&tmpid=1826&RD_PARM1=http%253A%252F%252Fitunes.apple.com%252Fus%252Fmovie%252Fdrive-well-sleep-carefully%252Fid286118406%253Fuo%253D4%2526partnerId%253D30,,,,,,,,http://www.vudu.com/,
17128,NNVG400242,NNVG400242,,NNVG8817,PLEXI,Finisterre,,,,,,,,,,,,,,57 min,08/15/2008,http://www.amazon.com/Finisterre/dp/B002VP56FG/ref=sr_1_2?ie=UTF8&s=digital-video&qid=1278624514&sr=1-2,http://click.linksynergy.com/fs-bin/stat?id=ccUl/Cc0tjI&offerid=146261&type=3&subid=0&tmpid=1826&RD_PARM1=http%253A%252F%252Fitunes.apple.com%252FWebObjects%252FMZStore.woa%252Fwa%252FviewMovie%253Fid%253D289413445%2526s%253D143441%2526uo%253D4%2526partnerId%253D30,,,,,,,,http://www.vudu.com/,
17157,NNVG400272,NNVG400272,,NNVG8820,PLEXI,Spend an Evening With Saddle Creek,,,,,,,,,,,,,,90 min,,http://www.amazon.com/Spend-Evening-Saddle-Creek/dp/B002VOY6JO/ref=sr_1_2?ie=UTF8&s=digital-video&qid=1278622291&sr=1-2,http://click.linksynergy.com/fs-bin/stat?id=ccUl/Cc0tjI&offerid=146261&type=3&subid=0&tmpid=1826&RD_PARM1=http%253A%252F%252Fitunes.apple.com%252FWebObjects%252FMZStore.woa%252Fwa%252FviewMovie%253Fid%253D291134844%2526s%253D143441%2526uo%253D6%2526partnerId%253D30,,,,,,,,http://www.vudu.com/,
17143,NNVG400392,NNVG400392,,NNVG8819,PLEXI,High Tech Soul,,,,,,,,,,,,,,64 min,,,http://click.linksynergy.com/fs-bin/stat?id=ccUl/Cc0tjI&offerid=146261&type=3&subid=0&tmpid=1826&RD_PARM1=http%253A%252F%252Fitunes.apple.com%252FWebObjects%252FMZStore.woa%252Fwa%252FviewMovie%253Fid%253D290665477%2526s%253D143441%2526uo%253D6%2526partnerId%253D30,,,,,,,,http://www.vudu.com/,
17138,NNVG400422,NNVG400422,NNVG400432,NNVG8653,PLEXI,Helvetica,,,Blu-ray Single,34.95,,"90 minutes of additional interviews with Massimo Vignelli, Matthew Carter, Erik Spiekermann, Hermann Zapf, and more.",24,,,80 min + extras,07/01/2010,English & German,0-82354-00432-3,80 min,06/04/2008,http://www.amazon.com/Helvetica/dp/B002RIOGI0/ref=sr_1_1?ie=UTF8&s=digital-video&qid=1276879645&sr=1-1,http://click.linksynergy.com/fs-bin/stat?id=ccUl/Cc0tjI&offerid=146261&type=3&subid=0&tmpid=1826&RD_PARM1=http%253A%252F%252Fitunes.apple.com%252FWebObjects%252FMZStore.woa%252Fwa%252FviewMovie%253Fid%253D284740710%2526s%253D143441%2526uo%253D4%2526partnerId%253D30,,,,,,,,http://www.vudu.com/,
17110,NNVG400482,NNVG400482,,NNVG1226,PLEXI,13 Most Beautiful... Songs for Andy Warhol's Screen Tests,,,,,,,,,,,,,,60 min,,http://www.amazon.com/Beatiful-Songs-Warhols-Screen-Tests/dp/B002SNHZSC/ref=sr_1_fkmr0_1?ie=UTF8&qid=1278689677&sr=1-1-fkmr,http://click.linksynergy.com/fs-bin/stat?id=ccUl/Cc0tjI&offerid=146261&type=3&subid=0&tmpid=1826&RD_PARM1=http%253A%252F%252Fitunes.apple.com%252FWebObjects%252FMZStore.woa%252Fwa%252FviewMovie%253Fid%253D305204134%2526s%253D143441%2526uo%253D6%2526partnerId%253D30,,,,,,,,,
17153,NNVG400492,NNVG400492,,NNVG1618,PLEXI,Objectified,,,,,,,,,,,,,,75 min,08/04/2009,http://www.amazon.com/Objectified/dp/B002RU1O2O/ref=sr_1_2?ie=UTF8&s=digital-video&qid=1278689596&sr=1-2,http://click.linksynergy.com/fs-bin/stat?id=ccUl/Cc0tjI&offerid=146261&type=3&subid=0&tmpid=1826&RD_PARM1=http%253A%252F%252Fitunes.apple.com%252FWebObjects%252FMZStore.woa%252Fwa%252FviewMovie%253Fid%253D321244909%2526s%253D143441%2526uo%253D4%2526partnerId%253D30,,,,,,,,http://www.vudu.com/,"http://www.cinemanow.com/Rent/Movies/10471,0,5,,1,4,0/1000,0,5,,1,4,401678/Objectified.htm"
225,NNVG9747,NNVG9747,,NNVG9959,DOC,Parallel Lines,,,,,,,,,,,,,,98 min,,http://www.amazon.com/Parallel-Lines/dp/B000WQTQ6Q/ref=sr_1_2?ie=UTF8&s=digital-video&qid=1278953860&sr=1-2,http://click.linksynergy.com/fs-bin/stat?id=ccUl/Cc0tjI&offerid=146261&type=3&subid=0&tmpid=1826&RD_PARM1=http%253A%252F%252Fitunes.apple.com%252FWebObjects%252FMZStore.woa%252Fwa%252FviewMovie%253Fid%253D279985966%2526s%253D143441%2526uo%253D4%2526partnerId%253D30,,,,,,,,,
157,NNVG9892,NNVG9892,,NNVG1388,DOC,H2 Worker,,,,,,,,,,,,,,70 min,,http://www.amazon.com/H2-Worker/dp/B003PLC5PY/ref=sr_1_9?ie=UTF8&s=digital-video&qid=1276094922&sr=1-9,http://click.linksynergy.com/fs-bin/stat?id=ccUl/Cc0tjI&offerid=146261&type=3&subid=0&tmpid=1826&RD_PARM1=http%253A%252F%252Fitunes.apple.com%252FWebObjects%252FMZStore.woa%252Fwa%252FviewMovie%253Fid%253D309976171%2526s%253D143441%2526uo%253D6%2526partnerId%253D30,,,,,,,,,
156,NNVG9912,NNVG9912,,NNVG8684,DOC,Gypsy Caravan: When the Road Bends,,,,,,,,,,,,,,111 min,,,http://click.linksynergy.com/fs-bin/stat?id=ccUl/Cc0tjI&offerid=146261&type=3&subid=0&tmpid=1826&RD_PARM1=http%253A%252F%252Fitunes.apple.com%252FWebObjects%252FMZStore.woa%252Fwa%252FviewMovie%253Fid%253D286905564%2526s%253D143441%2526uo%253D6%2526partnerId%253D30,,,,,,,,,
143,NVG-9473,NVG-9473,,NNVG8443,DOC,From Mao to Mozart,,,,,,,,,,,,,,115 min,,http://www.amazon.com/From-Mao-to-Mozart/dp/B004DNRKCG/ref=sr_1_14?s=digital-video&ie=UTF8&qid=1294070007&sr=1-14,http://click.linksynergy.com/fs-bin/stat?id=ccUl/Cc0tjI&offerid=146261&type=3&subid=0&tmpid=1826&RD_PARM1=http%253A%252F%252Fitunes.apple.com%252Fus%252Fmovie%252Ffrom-mao-to-mozart%252Fid279675865%253Fuo%253D4%2526partnerId%253D30,http://www.youtube.com/watch?v=Nb7z3Mtk9GM,,,,,,,http://www.vudu.com/,
306,NVG-9489,NVG-9489,,NNVG1840 ,DOC,W.I.S.O.R.,,,,,,,,,,,,,,75 min,,,http://click.linksynergy.com/fs-bin/stat?id=ccUl/Cc0tjI&offerid=146261&type=3&subid=0&tmpid=1826&RD_PARM1=http%253A%252F%252Fitunes.apple.com%252FWebObjects%252FMZStore.woa%252Fwa%252FviewMovie%253Fid%253D331405611%2526s%253D143441%2526uo%253D6%2526partnerId%253D30,,,,,,,,,
230,NVG-9492,NVG-9492,,NNVG1659,DOC,Pie In the Sky: The Brigid Berlin Story,,,,,,,,,,,,,,75 min,,,http://click.linksynergy.com/fs-bin/stat?id=ccUl/Cc0tjI&offerid=146261&type=3&subid=0&tmpid=1826&RD_PARM1=http%253A%252F%252Fitunes.apple.com%252FWebObjects%252FMZStore.woa%252Fwa%252FviewMovie%253Fid%253D319681666%2526s%253D143441%2526uo%253D6%2526partnerId%253D30,,http://www.hulu.com/watch/196554/pie-in-the-sky-the-brigid-berlin-story,,,,,,,
77,NVG-9496,NVG-9496,,NNVG8979,DOC,The Atomic Cafe,,,,,,,,,,,,,,88 min,,http://www.amazon.com/Atomic-Cafe/dp/B0056NEYOO/ref=sr_1_1?s=digital-video&ie=UTF8&qid=1308936971&sr=1-1,http://click.linksynergy.com/fs-bin/stat?id=ccUl/Cc0tjI&offerid=146261&type=3&subid=0&tmpid=1826&RD_PARM1=http%253A%252F%252Fitunes.apple.com%252FWebObjects%252FMZStore.woa%252Fwa%252FviewMovie%253Fid%253D295605862%2526s%253D143441%2526uo%253D6%2526partnerId%253D30,http://www.youtube.com/watch?v=NOUtZOqgSG8,http://www.hulu.com/watch/122397/atomic-cafe,,,,http://www.snagfilms.com/films/title/the_atomic_cafe/,,http://www.vudu.com/movies/Movies.html#ContentDefaultPlace:24514,"http://www.cinemanow.com/Rent/Movies/10471,0,5,,1,4,0/1000,0,5,,1,4,395688/The-Atomic-Cafandeacute.htm"
314,NVG-9554,NVG-9554,,NNVG9987,DOC,William Gibson: No Maps for These Territories,,,,,,,,,,,,,,87 min,,,http://click.linksynergy.com/fs-bin/stat?id=ccUl/Cc0tjI&offerid=146261&type=3&subid=0&tmpid=1826&RD_PARM1=http%253A%252F%252Fitunes.apple.com%252Fus%252Fmovie%252Fwilliam-gibson-no-maps-for%252Fid277623708%253Fuo%253D4%2526partnerId%253D30,,,,,,,,,
251,NVG-9559,NVG-9559,,NNVG8580,DOC,See How They Run,,,,,,,,,,,,,,58 min,08/15/2008,,http://click.linksynergy.com/fs-bin/stat?id=ccUl/Cc0tjI&offerid=146261&type=3&subid=0&tmpid=1826&RD_PARM1=http%253A%252F%252Fitunes.apple.com%252Fus%252Fmovie%252Fsee-how-they-run%252Fid290651725%253Fuo%253D4%2526partnerId%253D30,,,,,,,,,
111,NVG-9563,NVG-9563,,NNVG1010,DOC,Crisis: Behind a Presidential Commitment,,,,,,,,,,,,,,50 mins,,,http://click.linksynergy.com/fs-bin/stat?id=ccUl/Cc0tjI&offerid=146261&type=3&subid=0&tmpid=1826&RD_PARM1=http%253A%252F%252Fitunes.apple.com%252FWebObjects%252FMZStore.woa%252Fwa%252FviewMovie%253Fid%253D295675299%2526s%253D143441%2526uo%253D6%2526partnerId%253D30,,,,,,,,,
14970,NVG-9568,NVG-9568,,NNVG8441,DOC,Absolutely Positive,,,,,,,,,,,,,,88 min,,,http://click.linksynergy.com/fs-bin/stat?id=ccUl/Cc0tjI&offerid=146261&type=3&subid=0&tmpid=1826&RD_PARM1=http%253A%252F%252Fitunes.apple.com%252Fus%252Fmovie%252Fabsolutely-positive%252Fid280235206%253Fuo%253D4%2526partnerId%253D30,,,,,,,,,
172,NVG-9569,NVG-9569,,NNVG9967,DOC,Jupiter's Wife,,,,,,,,,,,,,,78 mins.,,http://www.amazon.com/Jupiters-Wife/dp/B0010444DY/ref=sr_1_2?ie=UTF8&s=digital-video&qid=1278950151&sr=1-2,http://click.linksynergy.com/fs-bin/stat?id=ccUl/Cc0tjI&offerid=146261&type=3&subid=0&tmpid=1826&RD_PARM1=http%253A%252F%252Fitunes.apple.com%252FWebObjects%252FMZStore.woa%252Fwa%252FviewMovie%253Fid%253D281222221%2526s%253D143441%2526uo%253D4%2526partnerId%253D30,,,,,,,,,
81,NVG-9576,NVG-9576,,NNVG9966,DOC,"Be Good, Smile Pretty",,,,,,,,,,,,,,56 min,,http://www.amazon.com/Be-Good-Smile-Pretty/dp/B0010BB6PG/ref=sr_1_2?ie=UTF8&s=digital-video&qid=1278948875&sr=1-2,http://click.linksynergy.com/fs-bin/stat?id=ccUl/Cc0tjI&offerid=146261&type=3&subid=0&tmpid=1826&RD_PARM1=http%253A%252F%252Fitunes.apple.com%252FWebObjects%252FMZStore.woa%252Fwa%252FviewMovie%253Fid%253D279905638%2526s%253D143441%2526uo%253D4%2526partnerId%253D30,,,,,,,,,
309,NVG-9602,NVG-9602,,NNVG-9944,DOC,The Weather Underground,,,,,,,,,,,,,,92 min,,http://www.hulu.com/the-weather-underground,http://click.linksynergy.com/fs-bin/stat?id=ccUl/Cc0tjI&offerid=146261&type=3&subid=0&tmpid=1826&RD_PARM1=http%253A%252F%252Fitunes.apple.com%252FWebObjects%252FMZStore.woa%252Fwa%252FviewMovie%253Fid%253D272371442%2526s%253D143441%2526uo%253D6%2526partnerId%253D30,http://www.youtube.com/watch?v=LV7GSff4fIA,http://www.hulu.com/the-weather-underground,,,,,,http://www.vudu.com/,
226,NVG-9614,NVG-9614,,NNVG8635,DOC,Partisans of Vilna,,,,,,,,,,,,,,130 min,,,http://click.linksynergy.com/fs-bin/stat?id=ccUl/Cc0tjI&offerid=146261&type=3&subid=0&tmpid=1826&RD_PARM1=http%253A%252F%252Fitunes.apple.com%252Fus%252Fmovie%252Fpartisans-of-vilna%252Fid283596063%253Fuo%253D4%2526partnerId%253D30,,,,,,,,,
202,NVG-9615,NVG-9615,,NNVG1217,DOC,My Flesh and Blood,,,,,,,,,,,,,,83 min,,,http://itunes.apple.com/WebObjects/MZStore.woa/wa/viewMovie?id=304208041&s=143441,,,,,,,,,
162,NVG-9625,NVG-9625,,NNVG8579,DOC,High School Boot Camp,,,,,,,,,,,,,,90 mins,,,http://click.linksynergy.com/fs-bin/stat?id=ccUl/Cc0tjI&offerid=146261&type=3&subid=0&tmpid=1826&RD_PARM1=http%253A%252F%252Fitunes.apple.com%252Fus%252Fmovie%252Fhigh-school-boot-camp%252Fid281373921%253Fuo%253D4%2526partnerId%253D30,,,,,,,,http://www.vudu.com/movies/Movies.html#ContentDefaultPlace:44035,
71,NVG-9643,NVG-9643,NNVG234401,NNVG9940,DOC,Rivers and Tides,Dolby Digital 2.0 Stereo,34.95,Blu-ray Single,29.95,Single Blu-Ray Amaray,,24,1-4229-9828-2,02/08/2011,90 min + extras,03/08/2011,English,7-67685-23440-2,90 min.,,,http://click.linksynergy.com/fs-bin/stat?id=ccUl/Cc0tjI&offerid=146261&type=3&subid=0&tmpid=1826&RD_PARM1=http%253A%252F%252Fitunes.apple.com%252Fus%252Fmovie%252Frivers-tides-andy-goldsworthy%252Fid271547514%253Fuo%253D4%2526partnerId%253D30,,,,,,,,http://www.vudu.com/,
259,NVG-9647,NVG-9647,,NNVG9971,DOC,Sister Helen,,,,,,,,,,,,,,88 min.,,http://www.amazon.com/Sister-Helen/dp/B0010BEVFI/ref=sr_1_1?ie=UTF8&s=digital-video&qid=1278949416&sr=1-1,http://click.linksynergy.com/fs-bin/stat?id=ccUl/Cc0tjI&offerid=146261&type=3&subid=0&tmpid=1826&RD_PARM1=http%253A%252F%252Fitunes.apple.com%252FWebObjects%252FMZStore.woa%252Fwa%252FviewMovie%253Fid%253D279022987%2526s%253D143441%2526uo%253D4%2526partnerId%253D30,,http://www.hulu.com/sister-helen,,,,,,,
11838,NVG-9661,NVG-9661,,NNVG1737,DOC,Farmingville,,,,,,,,,,,,,,78 min,,,http://click.linksynergy.com/fs-bin/stat?id=ccUl/Cc0tjI&offerid=146261&type=3&subid=0&tmpid=1826&RD_PARM1=http%253A%252F%252Fitunes.apple.com%252FWebObjects%252FMZStore.woa%252Fwa%252FviewMovie%253Fid%253D314679512%2526s%253D143441%2526uo%253D6%2526partnerId%253D30,,,,,,,,,
239,NVG-9663,NVG-9663,,NNVG9950,DOC,Speedo,,,,,,,,,,,,,,78 min,,,http://www.itunes.com/movies/speedo,,,,,,,,,
102,NVG-9674,NVG-9674,,NNVG9963,DOC,The Children of Chabannes,,,,,,,,,,,,,,93 min,,http://www.amazon.com/The-Children-of-Chabannes/dp/B000XH7OHM/ref=sr_1_2?ie=UTF8&s=digital-video&qid=1278950351&sr=1-2,http://click.linksynergy.com/fs-bin/stat?id=ccUl/Cc0tjI&offerid=146261&type=3&subid=0&tmpid=1826&RD_PARM1=http%253A%252F%252Fitunes.apple.com%252FWebObjects%252FMZStore.woa%252Fwa%252FviewMovie%253Fid%253D283658993%2526s%253D143441%2526uo%253D6%2526partnerId%253D30,,,,,,,,,
87,NVG-9683,NVG-9683,,NNVG1838,DOC,Blue Vinyl,,,,,,,,,,,,,,98 min,,,http://click.linksynergy.com/fs-bin/stat?id=ccUl/Cc0tjI&offerid=146261&type=3&subid=0&tmpid=1826&RD_PARM1=http%253A%252F%252Fitunes.apple.com%252FWebObjects%252FMZStore.woa%252Fwa%252FviewMovie%253Fid%253D330171014%2526s%253D143441%2526uo%253D6%2526partnerId%253D30,http://www.youtube.com/watch?v=wxUJmJsTO7w,,,,,,,,
209,NVG-9699,NVG-9699,,NNVG9957,DOC,Noam Chomsky: Rebel Without a Pause,,,,,,,,,,,,,,75 min,01/01/2008,,http://itunes.apple.com/WebObjects/MZStore.woa/wa/viewMovie?id=271650109&s=143441&uo=6,,,,,,,,http://www.snagfilms.com/films/title/noam_chomsky_rebel_without_a_pause/,
299,NVG-9719,NVG-9719,,NNVG8899,DOC,Tying the Knot,,,,,,,,,,,,,,83 min,07/25/2008,,http://click.linksynergy.com/fs-bin/stat?id=ccUl/Cc0tjI&offerid=146261&type=3&subid=0&tmpid=1826&RD_PARM1=http%253A%252F%252Fitunes.apple.com%252Fus%252Fmovie%252Ftying-the-knot%252Fid289523983%253Fuo%253D4%2526partnerId%253D30,,,,,,http://www.snagfilms.com/films/title/tying_the_knot/,,,
167,NVG-9731,NVG-9731,,NNVG9954,DOC,In the Shadow of the Stars,,,,,,,,,,,,,,93 min,,http://www.amazon.com/Shadow-Stars/dp/B000WQVU0G/ref=sr_1_2?ie=UTF8&s=digital-video&qid=1278953937&sr=1-2,http://click.linksynergy.com/fs-bin/stat?id=ccUl/Cc0tjI&offerid=146261&type=3&subid=0&tmpid=1826&RD_PARM1=http%253A%252F%252Fitunes.apple.com%252FWebObjects%252FMZStore.woa%252Fwa%252FviewMovie%253Fid%253D280838478%2526s%253D143441%2526uo%253D4%2526partnerId%253D30,,,,,,,,,
312,NVG-9736,NVG-9736,,NNVG9976,DOC,Who Are The Debolts?,,,,,,,,,,,,,,73 min,,http://www.amazon.com/Who-Are-The-Debolts/dp/B00106KVKW/ref=sr_1_2?ie=UTF8&s=digital-video&qid=1278949578&sr=1-2,http://click.linksynergy.com/fs-bin/stat?id=ccUl/Cc0tjI&offerid=146261&type=3&subid=0&tmpid=1826&RD_PARM1=http%253A%252F%252Fitunes.apple.com%252FWebObjects%252FMZStore.woa%252Fwa%252FviewMovie%253Fid%253D277739707%2526s%253D143441%2526uo%253D4%2526partnerId%253D30,,,,,,,,http://www.vudu.com/,
241,NVG-9748,NVG-9748,,NNVG9961,DOC,Resident Alien,,,,,,,,,,,,,,85 min,,,http://www.amazon.com/Resident-Alien/dp/B000WQXSD8/ref=sr_1_2?ie=UTF8&s=digital-video&qid=1278951581&sr=1-2,,,,,,,,,
261,NVG-9749,NVG-9749,,NNVG8900,DOC,Slamnation,,,,,,,,,,,,,,83 min,08/15/2008,,http://click.linksynergy.com/fs-bin/stat?id=ccUl/Cc0tjI&offerid=146261&type=3&subid=0&tmpid=1826&RD_PARM1=http%253A%252F%252Fitunes.apple.com%252Fus%252Fmovie%252Fslamnation-the-sport-spoken%252Fid290556373%253Fuo%253D4%2526partnerId%253D30,,,,,,,,,"http://www.cinemanow.com/Rent/Movies/10471,0,5,,1,4,0/1000,0,5,,1,4,398727/Slam-Nation.htm"
300,NVG-9754,NVG-9754,,NNVG9974,DOC,Unfinished Business: The Japanese American Internment Cases,,,,,,,,,,,,,,58 min,,http://www.amazon.com/Unfinished-Business/dp/B0010BDDRA/ref=sr_1_1?ie=UTF8&s=digital-video&qid=1278949147&sr=1-1,http://click.linksynergy.com/fs-bin/stat?id=ccUl/Cc0tjI&offerid=146261&type=3&subid=0&tmpid=1826&RD_PARM1=http%253A%252F%252Fitunes.apple.com%252FWebObjects%252FMZStore.woa%252Fwa%252FviewMovie%253Fid%253D281478169%2526s%253D143441%2526uo%253D4%2526partnerId%253D30,,,,,,,,,
294,NVG-9755,NVG-9755,,NNVG-9941,DOC,Touch the Sound,,,,,,,,,,,,,,98 min,08/23/2007,http://www.amazon.com/Touch-the-Sound/dp/B0010ENV3I/ref=sr_1_2?ie=UTF8&s=digital-video&qid=1278948694&sr=1-2,http://click.linksynergy.com/fs-bin/stat?id=ccUl/Cc0tjI&offerid=146261&type=3&subid=0&tmpid=1826&RD_PARM1=http%253A%252F%252Fitunes.apple.com%252FWebObjects%252FMZStore.woa%252Fwa%252FviewMovie%253Fid%253D271599120%2526s%253D143441%2526uo%253D6%2526partnerId%253D30,,http://www.hulu.com/touch-the-sound,,,,,,,
94,NVG-9757,NVG-9757,,NNVG9986,DOC,The Brooklyn Connection,,,,,,,,,,,,,,53 min,,,http://click.linksynergy.com/fs-bin/stat?id=ccUl/Cc0tjI&offerid=146261&type=3&subid=0&tmpid=1826&RD_PARM1=http%253A%252F%252Fitunes.apple.com%252Fus%252Fmovie%252Fthe-brooklyn-connection%252Fid277831667%253Fuo%253D4%2526partnerId%253D30,,,,,,,,,
369,NVG-9765,NVG-9765,,NNVG9960,NVGNYC,Plymptoons: The Complete Early Works of Bill Plympton,,,,,,,,,,,,,,61min,,,http://click.linksynergy.com/fs-bin/stat?id=ccUl/Cc0tjI&offerid=146261&type=3&subid=0&tmpid=1826&RD_PARM1=http%253A%252F%252Fitunes.apple.com%252Fus%252Fmovie%252Fplymptoons-the-complete-early%252Fid282292010%253Fuo%253D4%2526partnerId%253D30,,,,,,,,,
174,NVG-9766,NVG-9766,,NNVG1273,DOC,Kim Cattrall: Sexual Intelligence,,,,,,,,,,,,,,82 min,,,http://www.iTunes.com/Movies/SexualIntelligence,,,,,,,,,
68,NVG-9767,NVG-9767,,NNVG1076 ,DOC,Aging Out,,,,,,,,,,,,,,90 min,,,http://click.linksynergy.com/fs-bin/stat?id=ccUl/Cc0tjI&offerid=146261&type=3&subid=0&tmpid=1826&RD_PARM1=http%253A%252F%252Fitunes.apple.com%252FWebObjects%252FMZStore.woa%252Fwa%252FviewMovie%253Fid%253D300233992%2526s%253D143441%2526uo%253D6%2526partnerId%253D30,,,,,,,,,
11824,NVG-9769,NVG-9769,,NNVG-9951,DOC,Marjoe,,,,,,,,,,,,,,128 min,,http://www.amazon.com/Marjoe/dp/B000WQXSF6/ref=sr_1_2?ie=UTF8&s=digital-video&qid=1278951626&sr=1-2,http://click.linksynergy.com/fs-bin/stat?id=ccUl/Cc0tjI&offerid=146261&type=3&subid=0&tmpid=1826&RD_PARM1=http%253A%252F%252Fitunes.apple.com%252FWebObjects%252FMZStore.woa%252Fwa%252FviewMovie%253Fid%253D271875045%2526s%253D143441%2526uo%253D6%2526partnerId%253D30,,,,,,,,,
315,NVG-9794,NVG-9794,,NNVG9973,DOC,The Wobblies,,,,,,,,,,,,,,90 min,,http://click.linksynergy.com/fs-bin/stat?id=ccUl/Cc0tjI&offerid=146261&type=3&subid=0&tmpid=1826&RD_PARM1=http%253A%252F%252Fitunes.apple.com%252FWebObjects%252FMZStore.woa%252Fwa%252FviewMovie%253Fid%253D280573574%2526s%253D143441%2526uo%253D4%2526partnerId%253D30,http://www.amazon.com/The-Wobblies/dp/B0010BBMVO/ref=sr_1_1?ie=UTF8&s=digital-video&qid=1278948941&sr=1-1,,,,,,,,,
142,NVG-9810,NVG-9810,,NNVG-9952,DOC,Following Sean,,,,,,,,,,,,,,87 min,,http://www.amazon.com/Following-Sean/dp/B0010B9ANG/ref=sr_1_1?ie=UTF8&s=digital-video&qid=1278948807&sr=1-1,http://click.linksynergy.com/fs-bin/stat?id=ccUl/Cc0tjI&offerid=146261&type=3&subid=0&tmpid=1826&RD_PARM1=http%253A%252F%252Fitunes.apple.com%252FWebObjects%252FMZStore.woa%252Fwa%252FviewMovie%253Fid%253D272825990%2526s%253D143441%2526uo%253D6%2526partnerId%253D30,,,,,,,,http://www.vudu.com/movies/Movies.html#ContentDefaultPlace:196903,
285,NVG-9818,NVG-9818,,NNVG9985,DOC,The Ritchie Boys,,,,,,,,,,,,,,90 min,,,http://click.linksynergy.com/fs-bin/stat?id=ccUl/Cc0tjI&offerid=146261&type=3&subid=0&tmpid=1826&RD_PARM1=http%253A%252F%252Fitunes.apple.com%252FWebObjects%252FMZStore.woa%252Fwa%252FviewMovie%253Fid%253D278144969%2526s%253D143441%2526uo%253D6%2526partnerId%253D30,http://www.youtube.com/watch?v=2Eem4BJDfQ4,,,,,,,,
227,NVG-9821,NVG-9821,,NNVG9977,DOC,Passin' It On,,,,,,,,,,,,,,102 min,,http://www.amazon.com/Passin-It-On/dp/B001047DV4/ref=sr_1_2?ie=UTF8&s=digital-video&qid=1278950107&sr=1-2,http://click.linksynergy.com/fs-bin/stat?id=ccUl/Cc0tjI&offerid=146261&type=3&subid=0&tmpid=1826&RD_PARM1=http%253A%252F%252Fitunes.apple.com%252FWebObjects%252FMZStore.woa%252Fwa%252FviewMovie%253Fid%253D281730000%2526s%253D143441%2526uo%253D4%2526partnerId%253D30,,,,,,,,,
88,NVG-9824,NVG-9824,NNVG242740,NNVG-9934,DOC,Bob Dylan: Dont Look Back BD/DVD 2pk.,Dolby Digital 2.0 Stereo,34.95,Blu-ray 2-pk SET,29.95,BD Swing Amaray,65 Revisited Bonus Disc; Greil Marcus Interview with D.A. Pennebaker; Five Additional Uncut Audio Tracks; Commentary by D.A. Pennebaker and tour road manager Bob Neuwirth; Alternate Version of the “Subterranean Homesick Blues” Cue Card Sequence; Original Theatrical Trailer,24,1-4229-1696-0,03/29/2011,96 min + extras,04/26/2011,English,7-67685-24274-2,152 min,,http://www.amazon.com/Bob-Dylan-Dont-Look-Back/dp/B000WOZ33I/ref=sr_1_2?ie=UTF8&s=digital-video&qid=1278953974&sr=1-2,http://click.linksynergy.com/fs-bin/stat?id=ccUl/Cc0tjI&offerid=146261&type=3&subid=0&tmpid=1826&RD_PARM1=http%253A%252F%252Fitunes.apple.com%252FWebObjects%252FMZStore.woa%252Fwa%252FviewMovie%253Fid%253D266495543%2526s%253D143441%2526uo%253D6%2526partnerId%253D30,,,http://us.playstation.com/games-and-media/gameslist/index.htm?type=movies&subCategoryType=console&subCategoryValue=PS3&narrow=New%20Arrivals,,,,,,
13355,NVG-9841,NVG-9841,,NNVG9946,DOC,Alex Grey and the Chapel of Sacred Mirrors: CoSM the Movie,,,,,,,,,,,,,,80 min,,http://www.amazon.com/Alex-Grey-Chapel-Sacred-Mirrors/dp/B0010BCWZ4/ref=sr_1_1?s=digital-video&ie=UTF8&qid=1309204385&sr=1-1,http://www.iTunes.com/Movies/AlexGreyandtheChapelofSacredMirrorsCoSMTheMovie,,,,,,,,,
258,NVG-9842,NVG-9842,,NNVG-9953,DOC,Sir! No Sir!,,,,,,,,,,,,,,84 min,,http://www.amazon.com/Sir-No/dp/B0010B9ALS/ref=sr_1_2?ie=UTF8&s=digital-video&qid=1278948841&sr=1-2,http://click.linksynergy.com/fs-bin/stat?id=ccUl/Cc0tjI&offerid=146261&type=3&subid=0&tmpid=1826&RD_PARM1=http%253A%252F%252Fitunes.apple.com%252FWebObjects%252FMZStore.woa%252Fwa%252FviewMovie%253Fid%253D270707371%2526s%253D143441%2526uo%253D6%2526partnerId%253D30,,,,,,,,,
191,NVG-9846,NVG-9846,,NNVG-9942,DOC,Marshall University: Ashes to Glory,,,,,,,,,,,,,,118 min,,http://www.amazon.com/Marshall-University-Ashes-to-Glory/dp/B000WQTQ4S/ref=sr_1_2?ie=UTF8&s=digital-video&qid=1278953883&sr=1-2,http://click.linksynergy.com/fs-bin/stat?id=ccUl/Cc0tjI&offerid=146261&type=3&subid=0&tmpid=1826&RD_PARM1=http%253A%252F%252Fitunes.apple.com%252FWebObjects%252FMZStore.woa%252Fwa%252FviewMovie%253Fid%253D271814993%2526s%253D143441%2526uo%253D6%2526partnerId%253D30,,,,,,,,http://www.vudu.com/,
161,NVG-9848,NVG-9848,,NNVG9981,DOC,Heavy Petting,,,,,,,,,,,,,,97 mins.,,,http://click.linksynergy.com/fs-bin/stat?id=ccUl/Cc0tjI&offerid=146261&type=3&subid=0&tmpid=1826&RD_PARM1=http%253A%252F%252Fitunes.apple.com%252Fus%252Fmovie%252Fheavy-petting%252Fid273878934%253Fuo%253D4%2526partnerId%253D30,,,,,,,,,
134,NVG-9852,NVG-9852,,NNVG8578,DOC,Well-Founded Fear,,,,,,,,,,,,,,120 min,,,http://click.linksynergy.com/fs-bin/stat?id=ccUl/Cc0tjI&offerid=146261&type=3&subid=0&tmpid=1826&RD_PARM1=http%253A%252F%252Fitunes.apple.com%252Fus%252Fmovie%252Fwell-founded-fear%252Fid282570609%253Fuo%253D4%2526partnerId%253D30,,,,,,,,,
182,NVG-9854,NVG-9854,,NNVG8577,DOC,Leona's Sister Gerri,,,,,,,,,,,,,,75 min,,,http://click.linksynergy.com/fs-bin/stat?id=ccUl/Cc0tjI&offerid=146261&type=3&subid=0&tmpid=1826&RD_PARM1=http%253A%252F%252Fitunes.apple.com%252Fus%252Fmovie%252Fleonas-sister-gerri%252Fid280708477%253Fuo%253D4%2526partnerId%253D30,,,,,,,,,
116,NVG-9855,NVG-9855,,NNVG9982,DOC,Dark Circle,,,,,,,,,,,,,,82 min,,,http://click.linksynergy.com/fs-bin/stat?id=ccUl/Cc0tjI&offerid=146261&type=3&subid=0&tmpid=1826&RD_PARM1=http%253A%252F%252Fitunes.apple.com%252Fus%252Fmovie%252Fdark-circle%252Fid278360082%253Fuo%253D4%2526partnerId%253D30,,,,,,,,,
280,NVG-9860,NVG-9860,,NNVG1153,DOC,"The Doctor, the Tornado and the Kentucky Kid",,,,,,,,,,,,,,104 min,,http://click.linksynergy.com/fs-bin/stat?id=ccUl/Cc0tjI&offerid=146261&type=3&subid=0&tmpid=1826&RD_PARM1=http%253A%252F%252Fitunes.apple.com%252FWebObjects%252FMZStore.woa%252Fwa%252FviewMovie%253Fid%253D298119204%2526s%253D143441%2526uo%253D6%2526partnerId%253D30,http://click.linksynergy.com/fs-bin/stat?id=ccUl/Cc0tjI&offerid=146261&type=3&subid=0&tmpid=1826&RD_PARM1=http%253A%252F%252Fitunes.apple.com%252FWebObjects%252FMZStore.woa%252Fwa%252FviewMovie%253Fid%253D298119204%2526s%253D143441%2526uo%253D6%2526partnerId%253D30,,,,,,,,,
220,NVG-9871,NVG-9871,,NNVG8407,DOC,The Panama Deception,,,,,,,,,,,,,,91 min,,,http://click.linksynergy.com/fs-bin/stat?id=ccUl/Cc0tjI&offerid=146261&type=3&subid=0&tmpid=1826&RD_PARM1=http%253A%252F%252Fitunes.apple.com%252Fus%252Fmovie%252Fthe-panama-deception%252Fid279960029%253Fuo%253D4%2526partnerId%253D30,,,,,,,,,
288,NVG-9883,NVG-9883,,NNVG-9937,DOC,The War Tapes,,,,,,,,,,,,,,97 mins. + 100 mins. extras,,http://www.amazon.com/The-War-Tapes/dp/B000WP6JD0/ref=sr_1_2?ie=UTF8&s=digital-video&qid=1278954203&sr=1-2,http://click.linksynergy.com/fs-bin/stat?id=ccUl/Cc0tjI&offerid=146261&type=3&subid=0&tmpid=1826&RD_PARM1=http%253A%252F%252Fitunes.apple.com%252FWebObjects%252FMZStore.woa%252Fwa%252FviewMovie%253Fid%253D266478607%2526s%253D143441%2526uo%253D6%2526partnerId%253D30,,,,,,,,http://www.vudu.com/,
69,NVG-9890,NVG-9890,,NNVG-9939,DOC,Air Guitar Nation,,,,,,,,,,,,,,81 min,,http://www.amazon.com/Air-Guitar-Nation/dp/B000WQYQR0/ref=sr_1_2?ie=UTF8&s=digital-video&qid=1278950757&sr=1-2,http://click.linksynergy.com/fs-bin/stat?id=ccUl/Cc0tjI&offerid=146261&type=3&subid=0&tmpid=1826&RD_PARM1=http%253A%252F%252Fitunes.apple.com%252FWebObjects%252FMZStore.woa%252Fwa%252FviewMovie%253Fid%253D262491151%2526s%253D143441%2526uo%253D6%2526partnerId%253D30,,,http://us.playstation.com/games-and-media/movies/air-guitar-nation-2010.html,,,,,,"http://www.cinemanow.com/Rent/Movies/10471,0,5,,1,4,0/1000,0,5,,1,4,395299/Air-Guitar-Nation.htm"
158,NVG-9891,NVG-9891,,NNVG9936,DOC,Hacking Democracy,,,,,,,,,,,,,,81 min,,,http://itunes.apple.com/WebObjects/MZStore.woa/wa/viewMovie?id=271431024&s=143441&uo=6,,http://www.hulu.com/watch/192687/hacking-democracy,,,,,,,
96,NVG-9908,NVG-9908,,NNVG9983,DOC,Building Bombs,,,,,,,,,,,,,,161 min,,,http://click.linksynergy.com/fs-bin/stat?id=ccUl/Cc0tjI&offerid=146261&type=3&subid=0&tmpid=1826&RD_PARM1=http%253A%252F%252Fitunes.apple.com%252Fus%252Fmovie%252Fbuilding-bombs%252Fid278363780%253Fuo%253D4%2526partnerId%253D30,,,,,,,,,
13870,NVG-9910,NVG-9910,,NNVG9980,DOC,Alvin Ailey American Dance Theater: Beyond The Steps,,,,,,,,,,,,,,86 min,,,http://click.linksynergy.com/fs-bin/stat?id=ccUl/Cc0tjI&offerid=146261&type=3&subid=0&tmpid=1826&RD_PARM1=http%253A%252F%252Fitunes.apple.com%252Fus%252Fmovie%252Falvin-ailey-american-dance%252Fid278951235%253Fuo%253D4%2526partnerId%253D30,,,,,,,,,
381,NVG-9911,NVG-9911,,NNVG9965,NVGNYC,The Situation,,,,,,,,,,,,,,106 mins.,04/15/2008,http://www.amazon.com/The-Situation/dp/B000XHCWME/ref=sr_1_2?ie=UTF8&s=digital-video&qid=1278950380&sr=1-2,http://itunes.apple.com/WebObjects/MZStore.woa/wa/viewMovie?id=279184668&s=143441,http://www.youtube.com/watch?v=NFPiNkE9Ik4,http://www.hulu.com/watch/146611/the-situation,,,,,,,
63,NVG-9920,NVG-9920,,NNVG8405,DOC,A Crude Awakening: The Oil Crash,,,,,,,,,,,,,,85 min,04/03/2008,http://www.amazon.com/Crude-Awakening-Oil-Crash/dp/B003EJ7WCS/ref=sr_1_2?ie=UTF8&s=digital-video&qid=1277412696&sr=1-2,http://click.linksynergy.com/fs-bin/stat?id=ccUl/Cc0tjI&offerid=146261&type=3&subid=0&tmpid=1826&RD_PARM1=http%253A%252F%252Fitunes.apple.com%252FWebObjects%252FMZStore.woa%252Fwa%252FviewMovie%253Fid%253D278014302%2526s%253D143441%2526uo%253D4%2526partnerId%253D30,,,,,,,,http://www.vudu.com/,"http://www.cinemanow.com/Rent/Movies/10471,0,5,,1,4,0/1000,0,5,,1,4,401682/A-Crude-Awakening-The-Oil-Crash.htm"
255,NVG-9922,NVG-9922,,NNVG8408,DOC,Sierra Leone's Refugee All Stars,,,,,,,,,,,,,,80 min,,,http://click.linksynergy.com/fs-bin/stat?id=ccUl/Cc0tjI&offerid=146261&type=3&subid=0&tmpid=1826&RD_PARM1=http%253A%252F%252Fitunes.apple.com%252Fus%252Fmovie%252Fsierra-leones-refugee-all%252Fid278799489%253Fuo%253D4%2526partnerId%253D30,,,,,,http://www.snagfilms.com/films/title/sierra_leones_refugee_all_stars/,,,
229,NVG-9923,NVG-9923,,NNVG8576,DOC,Pictures From a Revolution,,,,,,,,,,,,,,88 min,,,http://click.linksynergy.com/fs-bin/stat?id=ccUl/Cc0tjI&offerid=146261&type=3&subid=0&tmpid=1826&RD_PARM1=http%253A%252F%252Fitunes.apple.com%252Fus%252Fmovie%252Fpictures-from-a-revolution%252Fid280215839%253Fuo%253D4%2526partnerId%253D30,,,,,,,,,